CREATE DATABASE  IF NOT EXISTS `zelisystem` /*!40100 DEFAULT CHARACTER SET utf8mb4 COLLATE utf8mb4_0900_ai_ci */ /*!80016 DEFAULT ENCRYPTION='N' */;
USE `zelisystem`;
-- MySQL dump 10.13  Distrib 8.0.28, for Win64 (x86_64)
--
-- Host: localhost    Database: zelisystem
-- ------------------------------------------------------
-- Server version	8.0.28

/*!40101 SET @OLD_CHARACTER_SET_CLIENT=@@CHARACTER_SET_CLIENT */;
/*!40101 SET @OLD_CHARACTER_SET_RESULTS=@@CHARACTER_SET_RESULTS */;
/*!40101 SET @OLD_COLLATION_CONNECTION=@@COLLATION_CONNECTION */;
/*!50503 SET NAMES utf8 */;
/*!40103 SET @OLD_TIME_ZONE=@@TIME_ZONE */;
/*!40103 SET TIME_ZONE='+00:00' */;
/*!40014 SET @OLD_UNIQUE_CHECKS=@@UNIQUE_CHECKS, UNIQUE_CHECKS=0 */;
/*!40014 SET @OLD_FOREIGN_KEY_CHECKS=@@FOREIGN_KEY_CHECKS, FOREIGN_KEY_CHECKS=0 */;
/*!40101 SET @OLD_SQL_MODE=@@SQL_MODE, SQL_MODE='NO_AUTO_VALUE_ON_ZERO' */;
/*!40111 SET @OLD_SQL_NOTES=@@SQL_NOTES, SQL_NOTES=0 */;

--
-- Table structure for table `branch`
--

DROP TABLE IF EXISTS `branch`;
/*!40101 SET @saved_cs_client     = @@character_set_client */;
/*!50503 SET character_set_client = utf8mb4 */;
CREATE TABLE `branch` (
  `branchName` varchar(45) NOT NULL,
  `phoneNumber` varchar(45) DEFAULT NULL,
  PRIMARY KEY (`branchName`),
  UNIQUE KEY `branchName_UNIQUE` (`branchName`)
) ENGINE=InnoDB DEFAULT CHARSET=utf8mb4 COLLATE=utf8mb4_0900_ai_ci;
/*!40101 SET character_set_client = @saved_cs_client */;

--
-- Dumping data for table `branch`
--

LOCK TABLES `branch` WRITE;
/*!40000 ALTER TABLE `branch` DISABLE KEYS */;
INSERT INTO `branch` VALUES ('Akko branch','cant'),('Karmiel branch','123456'),('mainBranch','123456'),('Mars','123456'),('Tel Aviv Branch','nah12'),('The moon branch','123456'),('The sum','123456');
/*!40000 ALTER TABLE `branch` ENABLE KEYS */;
UNLOCK TABLES;

--
-- Table structure for table `complaint`
--

DROP TABLE IF EXISTS `complaint`;
/*!40101 SET @saved_cs_client     = @@character_set_client */;
/*!50503 SET character_set_client = utf8mb4 */;
CREATE TABLE `complaint` (
  `complaintNumber` int NOT NULL AUTO_INCREMENT,
  `responsibleEmployeeUsername` varchar(45) DEFAULT NULL,
  `complaint` varchar(200) DEFAULT NULL,
  `answer` varchar(200) DEFAULT NULL,
  `compensation` double DEFAULT NULL,
  `status` varchar(45) DEFAULT NULL,
  `customerID` varchar(15) DEFAULT NULL,
  `creationTime` timestamp NULL DEFAULT NULL,
  PRIMARY KEY (`complaintNumber`)
) ENGINE=InnoDB AUTO_INCREMENT=10 DEFAULT CHARSET=utf8mb4 COLLATE=utf8mb4_0900_ai_ci;
/*!40101 SET character_set_client = @saved_cs_client */;

--
-- Dumping data for table `complaint`
--

LOCK TABLES `complaint` WRITE;
/*!40000 ALTER TABLE `complaint` DISABLE KEYS */;
INSERT INTO `complaint` VALUES (1,'j','gliik','fjkfghk',0,'Active','fkjgk','2012-12-11 22:00:00'),(2,'User4','no flower arrived, im so sad :(','adsgtgdsa',0,'Completed','User1','2022-05-31 19:02:48'),(3,'User4','I ordered so many times! stiil waiting','thats ok wait more xoxo',0,'Completed','User1','2022-05-31 19:06:03'),(4,'User4','didnt get any flowers','thats ok',0,'Completed','123456789','2022-06-01 06:09:49'),(5,'User4','didnt get any good stuff','here have some money',0,'Completed','12345678','2022-06-01 07:07:44'),(6,'User4','adgawergfv','adsgw4eg',0,'Completed','12345678','2022-06-01 07:10:26'),(7,'User4','asdgaarewvgd','asdgreavged',0,'Completed','12345678','2022-06-01 07:12:40'),(8,'User4','adsgadsgagds','asdgadsgag',0,'Completed','12345678','2022-06-01 07:13:28'),(9,'User4','asddddd','aaaaaaaaaaaaaaaa',0,'Completed','12345678','2022-06-01 07:15:42');
/*!40000 ALTER TABLE `complaint` ENABLE KEYS */;
UNLOCK TABLES;

--
-- Table structure for table `creditdetails`
--

DROP TABLE IF EXISTS `creditdetails`;
/*!40101 SET @saved_cs_client     = @@character_set_client */;
/*!50503 SET character_set_client = utf8mb4 */;
CREATE TABLE `creditdetails` (
  `username` varchar(45) NOT NULL,
  `cardInfo` varchar(45) DEFAULT NULL,
  PRIMARY KEY (`username`)
) ENGINE=InnoDB DEFAULT CHARSET=utf8mb4 COLLATE=utf8mb4_0900_ai_ci;
/*!40101 SET character_set_client = @saved_cs_client */;

--
-- Dumping data for table `creditdetails`
--

LOCK TABLES `creditdetails` WRITE;
/*!40000 ALTER TABLE `creditdetails` DISABLE KEYS */;
INSERT INTO `creditdetails` VALUES ('Or','nice'),('User1','user1card details'),('User8','cardDetails o');
/*!40000 ALTER TABLE `creditdetails` ENABLE KEYS */;
UNLOCK TABLES;

--
-- Table structure for table `deliverydetails`
--

DROP TABLE IF EXISTS `deliverydetails`;
/*!40101 SET @saved_cs_client     = @@character_set_client */;
/*!50503 SET character_set_client = utf8mb4 */;
CREATE TABLE `deliverydetails` (
  `orderNumber` varchar(45) NOT NULL,
  `firstName` varchar(45) DEFAULT NULL,
  `lastName` varchar(45) DEFAULT NULL,
  `address` varchar(200) DEFAULT NULL,
  `phoneNumber` varchar(45) DEFAULT NULL,
  `comments` varchar(45) DEFAULT NULL,
  PRIMARY KEY (`orderNumber`)
) ENGINE=InnoDB DEFAULT CHARSET=utf8mb4 COLLATE=utf8mb4_0900_ai_ci;
/*!40101 SET character_set_client = @saved_cs_client */;

--
-- Dumping data for table `deliverydetails`
--

LOCK TABLES `deliverydetails` WRITE;
/*!40000 ALTER TABLE `deliverydetails` DISABLE KEYS */;
INSERT INTO `deliverydetails` VALUES ('26','ah','ah','ah ah ah ah','aaaaaaaaaaaa','a'),('27','moshe','cohen','hi 2 akko 123456','123-456-4789','please be nice'),('32','moshe','cohen','yes 12 karmiel 123456','adsfgaerwg','adsgasdgdasg');
/*!40000 ALTER TABLE `deliverydetails` ENABLE KEYS */;
UNLOCK TABLES;

--
-- Table structure for table `order`
--

DROP TABLE IF EXISTS `order`;
/*!40101 SET @saved_cs_client     = @@character_set_client */;
/*!50503 SET character_set_client = utf8mb4 */;
CREATE TABLE `order` (
  `orderNumber` int NOT NULL AUTO_INCREMENT,
  `orderDate` timestamp NULL DEFAULT NULL,
  `arrivalDate` timestamp NULL DEFAULT NULL,
  `homeDelivery` tinyint DEFAULT NULL,
  `branchName` varchar(45) DEFAULT NULL,
  `price` double DEFAULT NULL,
  `customerID` varchar(45) DEFAULT NULL,
  `personalLetter` varchar(200) DEFAULT NULL,
  `orderStatus` varchar(45) DEFAULT NULL,
  `data` varchar(100) DEFAULT NULL,
  PRIMARY KEY (`orderNumber`),
  UNIQUE KEY `orderID_UNIQUE` (`orderNumber`)
) ENGINE=InnoDB AUTO_INCREMENT=34 DEFAULT CHARSET=utf8mb4 COLLATE=utf8mb4_0900_ai_ci;
/*!40101 SET character_set_client = @saved_cs_client */;

--
-- Dumping data for table `order`
--

LOCK TABLES `order` WRITE;
/*!40000 ALTER TABLE `order` DISABLE KEYS */;
INSERT INTO `order` VALUES (13,'2022-05-27 12:24:04','2022-05-27 00:10:00',1,'mainBranch',88,'User1','a','COLLECTED',''),(14,'2022-05-27 12:26:32','2022-05-27 00:05:00',0,'mainBranch',159.9,'User1','null','WAITING_FOR_CANCELATION_APPROVAL',''),(15,'2020-12-12 08:00:00','2020-12-12 08:00:00',1,'mainBranch',50,'omer','','WAITING_FOR_CANCELATION_APPROVAL','data'),(16,'2020-12-12 08:00:00','2020-12-12 08:00:00',1,'mainBranch',50,'omer','','WAITING_FOR_CANCELATION_APPROVAL','data'),(17,'2022-05-27 12:31:30','2022-05-26 23:05:00',0,'mainBranch',91,'User1','fh','WAITING_FOR_CANCELATION_APPROVAL',''),(18,'2022-05-27 12:33:37','2022-05-27 00:10:00',0,'mainBranch',162.8,'User1','yufii','WAITING_FOR_CANCELATION_APPROVAL',''),(19,'2022-05-27 12:37:34','2022-05-27 00:10:00',0,'mainBranch',49,'User1','a','WAITING_FOR_CANCELATION_APPROVAL',''),(20,'2022-05-27 13:26:55','2022-05-27 00:10:00',0,'mainBranch',130,'User1','adsf','WAITING_FOR_CANCELATION_APPROVAL',''),(21,'2022-05-27 13:27:29','2022-05-27 00:10:00',0,'mainBranch',143,'User1','adsf','WAITING_FOR_CANCELATION_APPROVAL',''),(22,'2022-05-27 14:40:49','2022-05-26 23:05:00',1,'mainBranch',26,'User1','null','WAITING_FOR_APPROAVL',''),(23,'2022-04-27 14:42:50','2022-06-03 23:05:00',1,'mainBranch',26,'User1','null','WAITING_FOR_APPROAVL',''),(24,'2022-05-27 14:45:40','2022-06-03 23:05:00',1,'mainBranch',46,'User1','gfhs','WAITING_FOR_APPROAVL',''),(25,'2022-05-28 10:55:49','2022-06-10 02:20:00',1,'mainBranch',46,'User1','hi nice to meet you','WAITING_FOR_APPROAVL',''),(26,'2022-04-30 11:54:41','2022-05-31 22:00:00',1,'mainBranch',5,'User1','aaaaaaaaaaaaaaaa','WAITING_FOR_APPROAVL',''),(27,'2022-04-30 12:26:18','2022-06-02 22:40:00',1,'mainBranch',88,'User1','hi have a greate day!!!','WAITING_FOR_APPROAVL',''),(28,'2022-04-30 18:06:36','2022-06-01 06:00:00',0,'mainBranch',23,'User1','null','COLLECTED',''),(29,'2022-05-30 18:07:38','2022-06-01 06:00:00',0,'Karmiel branch',65,'User1','null','WAITING_FOR_APPROAVL',''),(30,'2022-05-30 19:09:30','2022-06-02 07:10:00',0,'The moon branch',2.99,'User1','well well weel','WAITING_FOR_CANCELATION_APPROVAL',''),(31,'2022-05-31 17:00:32','2022-06-08 07:05:00',1,'mainBranch',13,'User1','hi ','WAITING_FOR_APPROAVL',''),(32,'2022-05-31 17:06:22','2022-06-09 07:40:00',1,'mainBranch',23,'User1','','WAITING_FOR_CANCELATION_APPROVAL',''),(33,'2022-06-01 07:56:18','2022-06-03 11:20:00',0,'Akko branch',100,'user8','','WAITING_FOR_APPROAVL','\n20% off for your first order!\nUsed Shop credit for 55.0');
/*!40000 ALTER TABLE `order` ENABLE KEYS */;
UNLOCK TABLES;

--
-- Table structure for table `product`
--

DROP TABLE IF EXISTS `product`;
/*!40101 SET @saved_cs_client     = @@character_set_client */;
/*!50503 SET character_set_client = utf8mb4 */;
CREATE TABLE `product` (
  `productID` int NOT NULL AUTO_INCREMENT,
  `name` varchar(45) DEFAULT NULL,
  `price` double DEFAULT NULL,
  `description` varchar(200) DEFAULT NULL,
  `colors` varchar(45) DEFAULT NULL,
  `image` blob,
  `category` varchar(45) DEFAULT NULL,
  `oldPrice` double DEFAULT '0',
  PRIMARY KEY (`productID`),
  UNIQUE KEY `ProductID_UNIQUE` (`productID`)
) ENGINE=InnoDB AUTO_INCREMENT=30 DEFAULT CHARSET=utf8mb4 COLLATE=utf8mb4_0900_ai_ci;
/*!40101 SET character_set_client = @saved_cs_client */;

--
-- Dumping data for table `product`
--

LOCK TABLES `product` WRITE;
/*!40000 ALTER TABLE `product` DISABLE KEYS */;
INSERT INTO `product` VALUES (1,'flower',10,'nice flower','red',NULL,'congratulationFlowers',0),(2,'another flower',2.99,'also nice','blue',NULL,'congratulationFlowers',5),(3,'rose',3.9,'very nice','black',NULL,'congratulationFlowers',0),(4,'blue flower',4.9,'ugly flower','green',NULL,'singleItems',0),(5,'red flower',5.9,'very boring','brown',NULL,'singleItems',0),(6,'some shit',66,'yeah','white',NULL,'weddingFlowers',0),(7,'idk',11,'really','grey',NULL,'weddingFlowers',0),(8,'flower5',23,'5','red',NULL,'birthdayFlowers',0),(9,'flower6',65,'6','blue',NULL,'birthdayFlowers',0),(10,'flower55',6,'ok','green',NULL,'weddingFlowers',0),(11,'flower12',13,'nice','red',NULL,'birthdayFlowers',0),(12,'flower 6',31,'very nice','blue',NULL,'babyFlowers',0),(13,'black flower',31,'wow','green',NULL,'babyFlowers',0),(14,'red and blue flower',23,'thats  cool','red',NULL,'babyFlowers',0),(15,'flower8',2,'how fun','blue',NULL,'AnniversaryFlowers',0),(16,'flower9',2,'nice2','green',NULL,'AnniversaryFlowers',0),(17,'flower10',3,'nice 4','red',NULL,'AnniversaryFlowers',0),(18,'flower11',156,'nice 5','blue',NULL,'congratulationFlowers',0),(19,'flower13',3,'nice 6','green',NULL,'congratulationFlowers',0),(20,'flower14',321,'nice 7','red',NULL,'congratulationFlowers',0),(21,'flower15',13,'nice 8','blue',NULL,'birthdayFlowers',0),(22,'Sunflower',2.5,'a single sunflower','yellow',NULL,'singleItems',0),(23,'brown stick',0.2,'really ugly stick','brown',NULL,'singleItems',0),(24,'item1',1,'0','ok',NULL,'singleItems',0),(25,'item2',2,'1','red',NULL,'singleItems',0),(26,'item3',3,'2','red',NULL,'singleItems',0),(27,'item4',4,'3','red',NULL,'singleItems',0),(28,'item5',5,'4','red',NULL,'singleItems',0),(29,'item6',6,'5','red',NULL,'singleItems',0);
/*!40000 ALTER TABLE `product` ENABLE KEYS */;
UNLOCK TABLES;

--
-- Table structure for table `productinorder`
--

DROP TABLE IF EXISTS `productinorder`;
/*!40101 SET @saved_cs_client     = @@character_set_client */;
/*!50503 SET character_set_client = utf8mb4 */;
CREATE TABLE `productinorder` (
  `orderNumber` int DEFAULT NULL,
  `name` varchar(45) DEFAULT NULL,
  `price` double DEFAULT NULL,
  `amount` int DEFAULT NULL,
  `category` varchar(45) DEFAULT NULL
) ENGINE=InnoDB DEFAULT CHARSET=utf8mb4 COLLATE=utf8mb4_0900_ai_ci;
/*!40101 SET character_set_client = @saved_cs_client */;

--
-- Dumping data for table `productinorder`
--

LOCK TABLES `productinorder` WRITE;
/*!40000 ALTER TABLE `productinorder` DISABLE KEYS */;
INSERT INTO `productinorder` VALUES (0,'flower5',23,1,'birthdayFlowers'),(19,'flower5',23,1,'birthdayFlowers'),(19,'flower15',13,1,'birthdayFlowers'),(19,'flower12',13,1,'birthdayFlowers'),(20,'flower6',65,1,'birthdayFlowers'),(20,'flower12',13,2,'birthdayFlowers'),(20,'flower15',13,3,'birthdayFlowers'),(21,'flower6',65,1,'birthdayFlowers'),(21,'flower12',13,2,'birthdayFlowers'),(21,'flower15',13,4,'birthdayFlowers'),(22,'flower15',13,1,'birthdayFlowers'),(22,'flower12',13,1,'birthdayFlowers'),(23,'flower12',13,1,'birthdayFlowers'),(23,'flower15',13,1,'birthdayFlowers'),(24,'flower12',13,1,'birthdayFlowers'),(24,'flower15',13,1,'birthdayFlowers'),(24,'Ronen(Customized)',20,1,'CustomizedProduct'),(25,'flower8',2,1,'AnniversaryFlowers'),(25,'flower9',2,1,'AnniversaryFlowers'),(25,'flower10',3,4,'AnniversaryFlowers'),(25,'hi(Customized)',30,1,'CustomizedProduct'),(26,'flower',5,1,'congratulationFlowers'),(27,'flower5',23,1,'birthdayFlowers'),(27,'flower6',65,1,'birthdayFlowers'),(28,'flower5',23,1,'birthdayFlowers'),(29,'flower6',65,1,'birthdayFlowers'),(30,'another flower',2.99,1,'congratulationFlowers'),(32,'flower5',23,1,'birthdayFlowers'),(33,'flower8',2,50,'AnniversaryFlowers');
/*!40000 ALTER TABLE `productinorder` ENABLE KEYS */;
UNLOCK TABLES;

--
-- Table structure for table `promotion`
--

DROP TABLE IF EXISTS `promotion`;
/*!40101 SET @saved_cs_client     = @@character_set_client */;
/*!50503 SET character_set_client = utf8mb4 */;
CREATE TABLE `promotion` (
  `promotionID` int NOT NULL AUTO_INCREMENT,
  `productID` int DEFAULT NULL,
  `discount` double DEFAULT NULL,
  `promotionText` varchar(200) DEFAULT NULL,
  `creationDate` timestamp NULL DEFAULT NULL,
  `status` varchar(45) DEFAULT NULL,
  PRIMARY KEY (`promotionID`)
) ENGINE=InnoDB AUTO_INCREMENT=5 DEFAULT CHARSET=utf8mb4 COLLATE=utf8mb4_0900_ai_ci;
/*!40101 SET character_set_client = @saved_cs_client */;

--
-- Dumping data for table `promotion`
--

LOCK TABLES `promotion` WRITE;
/*!40000 ALTER TABLE `promotion` DISABLE KEYS */;
INSERT INTO `promotion` VALUES (1,2,0.2,'nice','2022-05-30 12:47:47','Canceled'),(2,1,0.3,'30% off','2022-05-30 12:51:13','Canceled'),(3,1,0.3,'30% off','2022-05-30 12:53:01','Canceled'),(4,1,0.3,'30% off','2022-05-30 12:53:23','Canceled');
/*!40000 ALTER TABLE `promotion` ENABLE KEYS */;
UNLOCK TABLES;

--
-- Table structure for table `report`
--

DROP TABLE IF EXISTS `report`;
/*!40101 SET @saved_cs_client     = @@character_set_client */;
/*!50503 SET character_set_client = utf8mb4 */;
CREATE TABLE `report` (
  `branchName` varchar(45) NOT NULL,
  `type` varchar(45) NOT NULL,
  `year` int NOT NULL,
  `month` int NOT NULL,
  `data` blob,
  PRIMARY KEY (`branchName`,`type`,`year`,`month`)
) ENGINE=InnoDB DEFAULT CHARSET=utf8mb4 COLLATE=utf8mb4_0900_ai_ci;
/*!40101 SET character_set_client = @saved_cs_client */;

--
-- Dumping data for table `report`
--

LOCK TABLES `report` WRITE;
/*!40000 ALTER TABLE `report` DISABLE KEYS */;
INSERT INTO `report` VALUES ('Akko branch','MONTHLY_ORDERS_REPORT',2022,4,_binary 'rO0ABXNyABNyZXBvcnQuT3JkZXJzUmVwb3J0AAAAAAAAAAECAAVEABRhdmFyYWdlTW9udGhseU9yZGVyc0kAC3RvdGFsT3JkZXJzTAAPbW9zdFBvcHVsYXJJdGVtdAASTGphdmEvbGFuZy9TdHJpbmc7TAARb3JkZXJzUGVyQ2F0ZWdvcnl0ABNMamF2YS91dGlsL0hhc2hNYXA7WwAMb3JkZXJzUGVyRGF5dAACW0l4cgANcmVwb3J0LlJlcG9ydAAAAAAAAAACAgAESQAFbW9udGhJAAR5ZWFyTAAKQnJhbmNoTmFtZXEAfgABTAAEdHlwZXQAE0xyZXBvcnQvUmVwb3J0VHlwZTt4cAAAAAQAAAfmdAALQWtrbyBicmFuY2h+cgARcmVwb3J0LlJlcG9ydFR5cGUAAAAAAAAAABIAAHhyAA5qYXZhLmxhbmcuRW51bQAAAAAAAAAAEgAAeHB0ABVNT05USExZX09SREVSU19SRVBPUlQAAAAAAAAAAAAAAAB0AABzcgARamF2YS51dGlsLkhhc2hNYXAFB9rBwxZg0QMAAkYACmxvYWRGYWN0b3JJAAl0aHJlc2hvbGR4cD9AAAAAAAAAdwgAAAAQAAAAAHh1cgACW0lNumAmduqypQIAAHhwAAAAHwAAAAAAAAAAAAAAAAAAAAAAAAAAAAAAAAAAAAAAAAAAAAAAAAAAAAAAAAAAAAAAAAAAAAAAAAAAAAAAAAAAAAAAAAAAAAAAAAAAAAAAAAAAAAAAAAAAAAAAAAAAAAAAAAAAAAAAAAAAAAAAAAAAAAAAAAAAAAAAAAAAAAA='),('Akko branch','MONTHLY_ORDERS_REPORT',2022,5,_binary 'rO0ABXNyABNyZXBvcnQuT3JkZXJzUmVwb3J0AAAAAAAAAAECAAVEABRhdmFyYWdlTW9udGhseU9yZGVyc0kAC3RvdGFsT3JkZXJzTAAPbW9zdFBvcHVsYXJJdGVtdAASTGphdmEvbGFuZy9TdHJpbmc7TAARb3JkZXJzUGVyQ2F0ZWdvcnl0ABNMamF2YS91dGlsL0hhc2hNYXA7WwAMb3JkZXJzUGVyRGF5dAACW0l4cgANcmVwb3J0LlJlcG9ydAAAAAAAAAACAgAESQAFbW9udGhJAAR5ZWFyTAAKQnJhbmNoTmFtZXEAfgABTAAEdHlwZXQAE0xyZXBvcnQvUmVwb3J0VHlwZTt4cAAAAAUAAAfmdAALQWtrbyBicmFuY2h+cgARcmVwb3J0LlJlcG9ydFR5cGUAAAAAAAAAABIAAHhyAA5qYXZhLmxhbmcuRW51bQAAAAAAAAAAEgAAeHB0ABVNT05USExZX09SREVSU19SRVBPUlQAAAAAAAAAAAAAAAB0AABzcgARamF2YS51dGlsLkhhc2hNYXAFB9rBwxZg0QMAAkYACmxvYWRGYWN0b3JJAAl0aHJlc2hvbGR4cD9AAAAAAAAAdwgAAAAQAAAAAHh1cgACW0lNumAmduqypQIAAHhwAAAAHwAAAAAAAAAAAAAAAAAAAAAAAAAAAAAAAAAAAAAAAAAAAAAAAAAAAAAAAAAAAAAAAAAAAAAAAAAAAAAAAAAAAAAAAAAAAAAAAAAAAAAAAAAAAAAAAAAAAAAAAAAAAAAAAAAAAAAAAAAAAAAAAAAAAAAAAAAAAAAAAAAAAAA='),('Akko branch','MONTHLY_REVENU_EREPORT',2022,4,_binary 'rO0ABXNyABRyZXBvcnQuUmV2ZW51ZVJlcG9ydAAAAAAAAAABAgAFRAAVYXZlcmFnZU1vbnRobHlSZXZlbnVlRAAWYXZlcmFnZVJldmVudWVQZXJPcmRlckQADHRvdGFsUmV2ZW51ZUwAEm1vc3RQcm9maXRhYmxlSXRlbXQAEkxqYXZhL2xhbmcvU3RyaW5nO1sADXJldmVudWVQZXJEYXl0AAJbRHhyAA1yZXBvcnQuUmVwb3J0AAAAAAAAAAICAARJAAVtb250aEkABHllYXJMAApCcmFuY2hOYW1lcQB+AAFMAAR0eXBldAATTHJlcG9ydC9SZXBvcnRUeXBlO3hwAAAABAAAB+Z0AAtBa2tvIGJyYW5jaH5yABFyZXBvcnQuUmVwb3J0VHlwZQAAAAAAAAAAEgAAeHIADmphdmEubGFuZy5FbnVtAAAAAAAAAAASAAB4cHQAFk1PTlRITFlfUkVWRU5VX0VSRVBPUlQAAAAAAAAAAAAAAAAAAAAAAAAAAAAAAAB0AAB1cgACW0Q+powUq2NaHgIAAHhwAAAAHwAAAAAAAAAAAAAAAAAAAAAAAAAAAAAAAAAAAAAAAAAAAAAAAAAAAAAAAAAAAAAAAAAAAAAAAAAAAAAAAAAAAAAAAAAAAAAAAAAAAAAAAAAAAAAAAAAAAAAAAAAAAAAAAAAAAAAAAAAAAAAAAAAAAAAAAAAAAAAAAAAAAAAAAAAAAAAAAAAAAAAAAAAAAAAAAAAAAAAAAAAAAAAAAAAAAAAAAAAAAAAAAAAAAAAAAAAAAAAAAAAAAAAAAAAAAAAAAAAAAAAAAAAAAAAAAAAAAAAAAAAAAAAAAAAAAAAAAAAAAAAAAAAAAAAAAAAAAAAAAAAAAAAAAAAA'),('Akko branch','MONTHLY_REVENU_EREPORT',2022,5,_binary 'rO0ABXNyABRyZXBvcnQuUmV2ZW51ZVJlcG9ydAAAAAAAAAABAgAFRAAVYXZlcmFnZU1vbnRobHlSZXZlbnVlRAAWYXZlcmFnZVJldmVudWVQZXJPcmRlckQADHRvdGFsUmV2ZW51ZUwAEm1vc3RQcm9maXRhYmxlSXRlbXQAEkxqYXZhL2xhbmcvU3RyaW5nO1sADXJldmVudWVQZXJEYXl0AAJbRHhyAA1yZXBvcnQuUmVwb3J0AAAAAAAAAAICAARJAAVtb250aEkABHllYXJMAApCcmFuY2hOYW1lcQB+AAFMAAR0eXBldAATTHJlcG9ydC9SZXBvcnRUeXBlO3hwAAAABQAAB+Z0AAtBa2tvIGJyYW5jaH5yABFyZXBvcnQuUmVwb3J0VHlwZQAAAAAAAAAAEgAAeHIADmphdmEubGFuZy5FbnVtAAAAAAAAAAASAAB4cHQAFk1PTlRITFlfUkVWRU5VX0VSRVBPUlQAAAAAAAAAAAAAAAAAAAAAAAAAAAAAAAB0AAB1cgACW0Q+powUq2NaHgIAAHhwAAAAHwAAAAAAAAAAAAAAAAAAAAAAAAAAAAAAAAAAAAAAAAAAAAAAAAAAAAAAAAAAAAAAAAAAAAAAAAAAAAAAAAAAAAAAAAAAAAAAAAAAAAAAAAAAAAAAAAAAAAAAAAAAAAAAAAAAAAAAAAAAAAAAAAAAAAAAAAAAAAAAAAAAAAAAAAAAAAAAAAAAAAAAAAAAAAAAAAAAAAAAAAAAAAAAAAAAAAAAAAAAAAAAAAAAAAAAAAAAAAAAAAAAAAAAAAAAAAAAAAAAAAAAAAAAAAAAAAAAAAAAAAAAAAAAAAAAAAAAAAAAAAAAAAAAAAAAAAAAAAAAAAAAAAAAAAAA'),('Karmiel branch','MONTHLY_ORDERS_REPORT',2022,4,_binary 'rO0ABXNyABNyZXBvcnQuT3JkZXJzUmVwb3J0AAAAAAAAAAECAAVEABRhdmFyYWdlTW9udGhseU9yZGVyc0kAC3RvdGFsT3JkZXJzTAAPbW9zdFBvcHVsYXJJdGVtdAASTGphdmEvbGFuZy9TdHJpbmc7TAARb3JkZXJzUGVyQ2F0ZWdvcnl0ABNMamF2YS91dGlsL0hhc2hNYXA7WwAMb3JkZXJzUGVyRGF5dAACW0l4cgANcmVwb3J0LlJlcG9ydAAAAAAAAAACAgAESQAFbW9udGhJAAR5ZWFyTAAKQnJhbmNoTmFtZXEAfgABTAAEdHlwZXQAE0xyZXBvcnQvUmVwb3J0VHlwZTt4cAAAAAQAAAfmdAAOS2FybWllbCBicmFuY2h+cgARcmVwb3J0LlJlcG9ydFR5cGUAAAAAAAAAABIAAHhyAA5qYXZhLmxhbmcuRW51bQAAAAAAAAAAEgAAeHB0ABVNT05USExZX09SREVSU19SRVBPUlQAAAAAAAAAAAAAAAB0AABzcgARamF2YS51dGlsLkhhc2hNYXAFB9rBwxZg0QMAAkYACmxvYWRGYWN0b3JJAAl0aHJlc2hvbGR4cD9AAAAAAAAAdwgAAAAQAAAAAHh1cgACW0lNumAmduqypQIAAHhwAAAAHwAAAAAAAAAAAAAAAAAAAAAAAAAAAAAAAAAAAAAAAAAAAAAAAAAAAAAAAAAAAAAAAAAAAAAAAAAAAAAAAAAAAAAAAAAAAAAAAAAAAAAAAAAAAAAAAAAAAAAAAAAAAAAAAAAAAAAAAAAAAAAAAAAAAAAAAAAAAAAAAAAAAAA='),('Karmiel branch','MONTHLY_ORDERS_REPORT',2022,5,_binary 'rO0ABXNyABNyZXBvcnQuT3JkZXJzUmVwb3J0AAAAAAAAAAECAAVEABRhdmFyYWdlTW9udGhseU9yZGVyc0kAC3RvdGFsT3JkZXJzTAAPbW9zdFBvcHVsYXJJdGVtdAASTGphdmEvbGFuZy9TdHJpbmc7TAARb3JkZXJzUGVyQ2F0ZWdvcnl0ABNMamF2YS91dGlsL0hhc2hNYXA7WwAMb3JkZXJzUGVyRGF5dAACW0l4cgANcmVwb3J0LlJlcG9ydAAAAAAAAAACAgAESQAFbW9udGhJAAR5ZWFyTAAKQnJhbmNoTmFtZXEAfgABTAAEdHlwZXQAE0xyZXBvcnQvUmVwb3J0VHlwZTt4cAAAAAUAAAfmdAAOS2FybWllbCBicmFuY2h+cgARcmVwb3J0LlJlcG9ydFR5cGUAAAAAAAAAABIAAHhyAA5qYXZhLmxhbmcuRW51bQAAAAAAAAAAEgAAeHB0ABVNT05USExZX09SREVSU19SRVBPUlQAAAAAAAAAAAAAAAF0AAdmbG93ZXI2c3IAEWphdmEudXRpbC5IYXNoTWFwBQfawcMWYNEDAAJGAApsb2FkRmFjdG9ySQAJdGhyZXNob2xkeHA/QAAAAAAADHcIAAAAEAAAAAF0AA9iaXJ0aGRheUZsb3dlcnNzcgARamF2YS5sYW5nLkludGVnZXIS4qCk94GHOAIAAUkABXZhbHVleHIAEGphdmEubGFuZy5OdW1iZXKGrJUdC5TgiwIAAHhwAAAAAXh1cgACW0lNumAmduqypQIAAHhwAAAAHwAAAAEAAAAAAAAAAAAAAAAAAAAAAAAAAAAAAAAAAAAAAAAAAAAAAAAAAAAAAAAAAAAAAAAAAAAAAAAAAAAAAAAAAAAAAAAAAAAAAAAAAAAAAAAAAAAAAAAAAAAAAAAAAAAAAAAAAAAAAAAAAAAAAAAAAAAAAAAAAAAAAAA='),('Karmiel branch','MONTHLY_REVENU_EREPORT',2022,4,_binary 'rO0ABXNyABRyZXBvcnQuUmV2ZW51ZVJlcG9ydAAAAAAAAAABAgAFRAAVYXZlcmFnZU1vbnRobHlSZXZlbnVlRAAWYXZlcmFnZVJldmVudWVQZXJPcmRlckQADHRvdGFsUmV2ZW51ZUwAEm1vc3RQcm9maXRhYmxlSXRlbXQAEkxqYXZhL2xhbmcvU3RyaW5nO1sADXJldmVudWVQZXJEYXl0AAJbRHhyAA1yZXBvcnQuUmVwb3J0AAAAAAAAAAICAARJAAVtb250aEkABHllYXJMAApCcmFuY2hOYW1lcQB+AAFMAAR0eXBldAATTHJlcG9ydC9SZXBvcnRUeXBlO3hwAAAABAAAB+Z0AA5LYXJtaWVsIGJyYW5jaH5yABFyZXBvcnQuUmVwb3J0VHlwZQAAAAAAAAAAEgAAeHIADmphdmEubGFuZy5FbnVtAAAAAAAAAAASAAB4cHQAFk1PTlRITFlfUkVWRU5VX0VSRVBPUlQAAAAAAAAAAAAAAAAAAAAAAAAAAAAAAAB0AAB1cgACW0Q+powUq2NaHgIAAHhwAAAAHwAAAAAAAAAAAAAAAAAAAAAAAAAAAAAAAAAAAAAAAAAAAAAAAAAAAAAAAAAAAAAAAAAAAAAAAAAAAAAAAAAAAAAAAAAAAAAAAAAAAAAAAAAAAAAAAAAAAAAAAAAAAAAAAAAAAAAAAAAAAAAAAAAAAAAAAAAAAAAAAAAAAAAAAAAAAAAAAAAAAAAAAAAAAAAAAAAAAAAAAAAAAAAAAAAAAAAAAAAAAAAAAAAAAAAAAAAAAAAAAAAAAAAAAAAAAAAAAAAAAAAAAAAAAAAAAAAAAAAAAAAAAAAAAAAAAAAAAAAAAAAAAAAAAAAAAAAAAAAAAAAAAAAAAAAA'),('Karmiel branch','MONTHLY_REVENU_EREPORT',2022,5,_binary 'rO0ABXNyABRyZXBvcnQuUmV2ZW51ZVJlcG9ydAAAAAAAAAABAgAFRAAVYXZlcmFnZU1vbnRobHlSZXZlbnVlRAAWYXZlcmFnZVJldmVudWVQZXJPcmRlckQADHRvdGFsUmV2ZW51ZUwAEm1vc3RQcm9maXRhYmxlSXRlbXQAEkxqYXZhL2xhbmcvU3RyaW5nO1sADXJldmVudWVQZXJEYXl0AAJbRHhyAA1yZXBvcnQuUmVwb3J0AAAAAAAAAAICAARJAAVtb250aEkABHllYXJMAApCcmFuY2hOYW1lcQB+AAFMAAR0eXBldAATTHJlcG9ydC9SZXBvcnRUeXBlO3hwAAAABQAAB+Z0AA5LYXJtaWVsIGJyYW5jaH5yABFyZXBvcnQuUmVwb3J0VHlwZQAAAAAAAAAAEgAAeHIADmphdmEubGFuZy5FbnVtAAAAAAAAAAASAAB4cHQAFk1PTlRITFlfUkVWRU5VX0VSRVBPUlQAAAAAAAAAAEBQQAAAAAAAQFBAAAAAAAB0AAdmbG93ZXI2dXIAAltEPqaMFKtjWh4CAAB4cAAAAB9AUEAAAAAAAAAAAAAAAAAAAAAAAAAAAAAAAAAAAAAAAAAAAAAAAAAAAAAAAAAAAAAAAAAAAAAAAAAAAAAAAAAAAAAAAAAAAAAAAAAAAAAAAAAAAAAAAAAAAAAAAAAAAAAAAAAAAAAAAAAAAAAAAAAAAAAAAAAAAAAAAAAAAAAAAAAAAAAAAAAAAAAAAAAAAAAAAAAAAAAAAAAAAAAAAAAAAAAAAAAAAAAAAAAAAAAAAAAAAAAAAAAAAAAAAAAAAAAAAAAAAAAAAAAAAAAAAAAAAAAAAAAAAAAAAAAAAAAAAAAAAAAAAAAAAAAAAAAAAAAAAAAAAAAAAA=='),('mainBranch','MONTHLY_ORDERS_REPORT',2022,4,_binary 'rO0ABXNyABNyZXBvcnQuT3JkZXJzUmVwb3J0AAAAAAAAAAECAAVEABRhdmFyYWdlTW9udGhseU9yZGVyc0kAC3RvdGFsT3JkZXJzTAAPbW9zdFBvcHVsYXJJdGVtdAASTGphdmEvbGFuZy9TdHJpbmc7TAARb3JkZXJzUGVyQ2F0ZWdvcnl0ABNMamF2YS91dGlsL0hhc2hNYXA7WwAMb3JkZXJzUGVyRGF5dAACW0l4cgANcmVwb3J0LlJlcG9ydAAAAAAAAAACAgAESQAFbW9udGhJAAR5ZWFyTAAKQnJhbmNoTmFtZXEAfgABTAAEdHlwZXQAE0xyZXBvcnQvUmVwb3J0VHlwZTt4cAAAAAQAAAfmdAAKbWFpbkJyYW5jaH5yABFyZXBvcnQuUmVwb3J0VHlwZQAAAAAAAAAAEgAAeHIADmphdmEubGFuZy5FbnVtAAAAAAAAAAASAAB4cHQAFU1PTlRITFlfT1JERVJTX1JFUE9SVAAAAAAAAAAAAAAABnQAB2Zsb3dlcjVzcgARamF2YS51dGlsLkhhc2hNYXAFB9rBwxZg0QMAAkYACmxvYWRGYWN0b3JJAAl0aHJlc2hvbGR4cD9AAAAAAAAMdwgAAAAQAAAAAnQAD2JpcnRoZGF5Rmxvd2Vyc3NyABFqYXZhLmxhbmcuSW50ZWdlchLioKT3gYc4AgABSQAFdmFsdWV4cgAQamF2YS5sYW5nLk51bWJlcoaslR0LlOCLAgAAeHAAAAAFdAAVY29uZ3JhdHVsYXRpb25GbG93ZXJzc3EAfgAQAAAAAXh1cgACW0lNumAmduqypQIAAHhwAAAAHwAAAAAAAAAAAAAAAgAAAAAAAAAAAAAABAAAAAAAAAAAAAAAAAAAAAAAAAAAAAAAAAAAAAAAAAAAAAAAAAAAAAAAAAAAAAAAAAAAAAAAAAAAAAAAAAAAAAAAAAAAAAAAAAAAAAAAAAAAAAAAAAAAAAAAAAAAAAAAAAAAAAA='),('mainBranch','MONTHLY_ORDERS_REPORT',2022,5,_binary 'rO0ABXNyABNyZXBvcnQuT3JkZXJzUmVwb3J0AAAAAAAAAAECAAVEABRhdmFyYWdlTW9udGhseU9yZGVyc0kAC3RvdGFsT3JkZXJzTAAPbW9zdFBvcHVsYXJJdGVtdAASTGphdmEvbGFuZy9TdHJpbmc7TAARb3JkZXJzUGVyQ2F0ZWdvcnl0ABNMamF2YS91dGlsL0hhc2hNYXA7WwAMb3JkZXJzUGVyRGF5dAACW0l4cgANcmVwb3J0LlJlcG9ydAAAAAAAAAACAgAESQAFbW9udGhJAAR5ZWFyTAAKQnJhbmNoTmFtZXEAfgABTAAEdHlwZXQAE0xyZXBvcnQvUmVwb3J0VHlwZTt4cAAAAAUAAAfmdAAKbWFpbkJyYW5jaH5yABFyZXBvcnQuUmVwb3J0VHlwZQAAAAAAAAAAEgAAeHIADmphdmEubGFuZy5FbnVtAAAAAAAAAAASAAB4cHQAFU1PTlRITFlfT1JERVJTX1JFUE9SVAAAAAAAAAAAAAAAE3QACGZsb3dlcjE1c3IAEWphdmEudXRpbC5IYXNoTWFwBQfawcMWYNEDAAJGAApsb2FkRmFjdG9ySQAJdGhyZXNob2xkeHA/QAAAAAAADHcIAAAAEAAAAAN0ABFDdXN0b21pemVkUHJvZHVjdHNyABFqYXZhLmxhbmcuSW50ZWdlchLioKT3gYc4AgABSQAFdmFsdWV4cgAQamF2YS5sYW5nLk51bWJlcoaslR0LlOCLAgAAeHAAAAACdAAPYmlydGhkYXlGbG93ZXJzc3EAfgAQAAAAFXQAEkFubml2ZXJzYXJ5Rmxvd2Vyc3NxAH4AEAAAAAZ4dXIAAltJTbpgJnbqsqUCAAB4cAAAAB8AAAAAAAAAAQAAAAAAAAAAAAAADgAAAAQAAAAAAAAAAAAAAAAAAAAAAAAAAAAAAAAAAAAAAAAAAAAAAAAAAAAAAAAAAAAAAAAAAAAAAAAAAAAAAAAAAAAAAAAAAAAAAAAAAAAAAAAAAAAAAAAAAAAAAAAAAAAAAAAAAAAA'),('mainBranch','MONTHLY_REVENU_EREPORT',2022,4,_binary 'rO0ABXNyABRyZXBvcnQuUmV2ZW51ZVJlcG9ydAAAAAAAAAABAgAFRAAVYXZlcmFnZU1vbnRobHlSZXZlbnVlRAAWYXZlcmFnZVJldmVudWVQZXJPcmRlckQADHRvdGFsUmV2ZW51ZUwAEm1vc3RQcm9maXRhYmxlSXRlbXQAEkxqYXZhL2xhbmcvU3RyaW5nO1sADXJldmVudWVQZXJEYXl0AAJbRHhyAA1yZXBvcnQuUmVwb3J0AAAAAAAAAAICAARJAAVtb250aEkABHllYXJMAApCcmFuY2hOYW1lcQB+AAFMAAR0eXBldAATTHJlcG9ydC9SZXBvcnRUeXBlO3hwAAAABAAAB+Z0AAptYWluQnJhbmNofnIAEXJlcG9ydC5SZXBvcnRUeXBlAAAAAAAAAAASAAB4cgAOamF2YS5sYW5nLkVudW0AAAAAAAAAABIAAHhwdAAWTU9OVEhMWV9SRVZFTlVfRVJFUE9SVAAAAAAAAAAAQEVVVVVVVVVAcAAAAAAAAHQAB2Zsb3dlcjZ1cgACW0Q+powUq2NaHgIAAHhwAAAAHwAAAAAAAAAAAAAAAAAAAABASgAAAAAAAAAAAAAAAAAAAAAAAAAAAABAaYAAAAAAAAAAAAAAAAAAAAAAAAAAAAAAAAAAAAAAAAAAAAAAAAAAAAAAAAAAAAAAAAAAAAAAAAAAAAAAAAAAAAAAAAAAAAAAAAAAAAAAAAAAAAAAAAAAAAAAAAAAAAAAAAAAAAAAAAAAAAAAAAAAAAAAAAAAAAAAAAAAAAAAAAAAAAAAAAAAAAAAAAAAAAAAAAAAAAAAAAAAAAAAAAAAAAAAAAAAAAAAAAAAAAAAAAAAAAAAAAAAAAAAAAAAAAAAAAAAAAAAAAAAAAAAAAAA'),('mainBranch','MONTHLY_REVENU_EREPORT',2022,5,_binary 'rO0ABXNyABRyZXBvcnQuUmV2ZW51ZVJlcG9ydAAAAAAAAAABAgAFRAAVYXZlcmFnZU1vbnRobHlSZXZlbnVlRAAWYXZlcmFnZVJldmVudWVQZXJPcmRlckQADHRvdGFsUmV2ZW51ZUwAEm1vc3RQcm9maXRhYmxlSXRlbXQAEkxqYXZhL2xhbmcvU3RyaW5nO1sADXJldmVudWVQZXJEYXl0AAJbRHhyAA1yZXBvcnQuUmVwb3J0AAAAAAAAAAICAARJAAVtb250aEkABHllYXJMAApCcmFuY2hOYW1lcQB+AAFMAAR0eXBldAATTHJlcG9ydC9SZXBvcnRUeXBlO3hwAAAABQAAB+Z0AAptYWluQnJhbmNofnIAEXJlcG9ydC5SZXBvcnRUeXBlAAAAAAAAAAASAAB4cgAOamF2YS5sYW5nLkVudW0AAAAAAAAAABIAAHhwdAAWTU9OVEhMWV9SRVZFTlVfRVJFUE9SVAAAAAAAAAAAQFHvKGvKGvNAlUwAAAAAAHQACGZsb3dlcjE1dXIAAltEPqaMFKtjWh4CAAB4cAAAAB8AAAAAAAAAAEA3AAAAAAAAAAAAAAAAAAAAAAAAAAAAAECSEAAAAAAAQGcAAAAAAAAAAAAAAAAAAAAAAAAAAAAAAAAAAAAAAAAAAAAAAAAAAAAAAAAAAAAAAAAAAAAAAAAAAAAAAAAAAAAAAAAAAAAAAAAAAAAAAAAAAAAAAAAAAAAAAAAAAAAAAAAAAAAAAAAAAAAAAAAAAAAAAAAAAAAAAAAAAAAAAAAAAAAAAAAAAAAAAAAAAAAAAAAAAAAAAAAAAAAAAAAAAAAAAAAAAAAAAAAAAAAAAAAAAAAAAAAAAAAAAAAAAAAAAAAAAAAAAAAAAAAAAAAAAA=='),('Mars','MONTHLY_ORDERS_REPORT',2022,4,_binary 'rO0ABXNyABNyZXBvcnQuT3JkZXJzUmVwb3J0AAAAAAAAAAECAAVEABRhdmFyYWdlTW9udGhseU9yZGVyc0kAC3RvdGFsT3JkZXJzTAAPbW9zdFBvcHVsYXJJdGVtdAASTGphdmEvbGFuZy9TdHJpbmc7TAARb3JkZXJzUGVyQ2F0ZWdvcnl0ABNMamF2YS91dGlsL0hhc2hNYXA7WwAMb3JkZXJzUGVyRGF5dAACW0l4cgANcmVwb3J0LlJlcG9ydAAAAAAAAAACAgAESQAFbW9udGhJAAR5ZWFyTAAKQnJhbmNoTmFtZXEAfgABTAAEdHlwZXQAE0xyZXBvcnQvUmVwb3J0VHlwZTt4cAAAAAQAAAfmdAAETWFyc35yABFyZXBvcnQuUmVwb3J0VHlwZQAAAAAAAAAAEgAAeHIADmphdmEubGFuZy5FbnVtAAAAAAAAAAASAAB4cHQAFU1PTlRITFlfT1JERVJTX1JFUE9SVAAAAAAAAAAAAAAAAHQAAHNyABFqYXZhLnV0aWwuSGFzaE1hcAUH2sHDFmDRAwACRgAKbG9hZEZhY3RvckkACXRocmVzaG9sZHhwP0AAAAAAAAB3CAAAABAAAAAAeHVyAAJbSU26YCZ26rKlAgAAeHAAAAAfAAAAAAAAAAAAAAAAAAAAAAAAAAAAAAAAAAAAAAAAAAAAAAAAAAAAAAAAAAAAAAAAAAAAAAAAAAAAAAAAAAAAAAAAAAAAAAAAAAAAAAAAAAAAAAAAAAAAAAAAAAAAAAAAAAAAAAAAAAAAAAAAAAAAAAAAAAAAAAAAAAAAAA=='),('Mars','MONTHLY_ORDERS_REPORT',2022,5,_binary 'rO0ABXNyABNyZXBvcnQuT3JkZXJzUmVwb3J0AAAAAAAAAAECAAVEABRhdmFyYWdlTW9udGhseU9yZGVyc0kAC3RvdGFsT3JkZXJzTAAPbW9zdFBvcHVsYXJJdGVtdAASTGphdmEvbGFuZy9TdHJpbmc7TAARb3JkZXJzUGVyQ2F0ZWdvcnl0ABNMamF2YS91dGlsL0hhc2hNYXA7WwAMb3JkZXJzUGVyRGF5dAACW0l4cgANcmVwb3J0LlJlcG9ydAAAAAAAAAACAgAESQAFbW9udGhJAAR5ZWFyTAAKQnJhbmNoTmFtZXEAfgABTAAEdHlwZXQAE0xyZXBvcnQvUmVwb3J0VHlwZTt4cAAAAAUAAAfmdAAETWFyc35yABFyZXBvcnQuUmVwb3J0VHlwZQAAAAAAAAAAEgAAeHIADmphdmEubGFuZy5FbnVtAAAAAAAAAAASAAB4cHQAFU1PTlRITFlfT1JERVJTX1JFUE9SVAAAAAAAAAAAAAAAAHQAAHNyABFqYXZhLnV0aWwuSGFzaE1hcAUH2sHDFmDRAwACRgAKbG9hZEZhY3RvckkACXRocmVzaG9sZHhwP0AAAAAAAAB3CAAAABAAAAAAeHVyAAJbSU26YCZ26rKlAgAAeHAAAAAfAAAAAAAAAAAAAAAAAAAAAAAAAAAAAAAAAAAAAAAAAAAAAAAAAAAAAAAAAAAAAAAAAAAAAAAAAAAAAAAAAAAAAAAAAAAAAAAAAAAAAAAAAAAAAAAAAAAAAAAAAAAAAAAAAAAAAAAAAAAAAAAAAAAAAAAAAAAAAAAAAAAAAA=='),('Mars','MONTHLY_REVENU_EREPORT',2022,4,_binary 'rO0ABXNyABRyZXBvcnQuUmV2ZW51ZVJlcG9ydAAAAAAAAAABAgAFRAAVYXZlcmFnZU1vbnRobHlSZXZlbnVlRAAWYXZlcmFnZVJldmVudWVQZXJPcmRlckQADHRvdGFsUmV2ZW51ZUwAEm1vc3RQcm9maXRhYmxlSXRlbXQAEkxqYXZhL2xhbmcvU3RyaW5nO1sADXJldmVudWVQZXJEYXl0AAJbRHhyAA1yZXBvcnQuUmVwb3J0AAAAAAAAAAICAARJAAVtb250aEkABHllYXJMAApCcmFuY2hOYW1lcQB+AAFMAAR0eXBldAATTHJlcG9ydC9SZXBvcnRUeXBlO3hwAAAABAAAB+Z0AARNYXJzfnIAEXJlcG9ydC5SZXBvcnRUeXBlAAAAAAAAAAASAAB4cgAOamF2YS5sYW5nLkVudW0AAAAAAAAAABIAAHhwdAAWTU9OVEhMWV9SRVZFTlVfRVJFUE9SVAAAAAAAAAAAAAAAAAAAAAAAAAAAAAAAAHQAAHVyAAJbRD6mjBSrY1oeAgAAeHAAAAAfAAAAAAAAAAAAAAAAAAAAAAAAAAAAAAAAAAAAAAAAAAAAAAAAAAAAAAAAAAAAAAAAAAAAAAAAAAAAAAAAAAAAAAAAAAAAAAAAAAAAAAAAAAAAAAAAAAAAAAAAAAAAAAAAAAAAAAAAAAAAAAAAAAAAAAAAAAAAAAAAAAAAAAAAAAAAAAAAAAAAAAAAAAAAAAAAAAAAAAAAAAAAAAAAAAAAAAAAAAAAAAAAAAAAAAAAAAAAAAAAAAAAAAAAAAAAAAAAAAAAAAAAAAAAAAAAAAAAAAAAAAAAAAAAAAAAAAAAAAAAAAAAAAAAAAAAAAAAAAAAAAAAAAAAAAA='),('Mars','MONTHLY_REVENU_EREPORT',2022,5,_binary 'rO0ABXNyABRyZXBvcnQuUmV2ZW51ZVJlcG9ydAAAAAAAAAABAgAFRAAVYXZlcmFnZU1vbnRobHlSZXZlbnVlRAAWYXZlcmFnZVJldmVudWVQZXJPcmRlckQADHRvdGFsUmV2ZW51ZUwAEm1vc3RQcm9maXRhYmxlSXRlbXQAEkxqYXZhL2xhbmcvU3RyaW5nO1sADXJldmVudWVQZXJEYXl0AAJbRHhyAA1yZXBvcnQuUmVwb3J0AAAAAAAAAAICAARJAAVtb250aEkABHllYXJMAApCcmFuY2hOYW1lcQB+AAFMAAR0eXBldAATTHJlcG9ydC9SZXBvcnRUeXBlO3hwAAAABQAAB+Z0AARNYXJzfnIAEXJlcG9ydC5SZXBvcnRUeXBlAAAAAAAAAAASAAB4cgAOamF2YS5sYW5nLkVudW0AAAAAAAAAABIAAHhwdAAWTU9OVEhMWV9SRVZFTlVfRVJFUE9SVAAAAAAAAAAAAAAAAAAAAAAAAAAAAAAAAHQAAHVyAAJbRD6mjBSrY1oeAgAAeHAAAAAfAAAAAAAAAAAAAAAAAAAAAAAAAAAAAAAAAAAAAAAAAAAAAAAAAAAAAAAAAAAAAAAAAAAAAAAAAAAAAAAAAAAAAAAAAAAAAAAAAAAAAAAAAAAAAAAAAAAAAAAAAAAAAAAAAAAAAAAAAAAAAAAAAAAAAAAAAAAAAAAAAAAAAAAAAAAAAAAAAAAAAAAAAAAAAAAAAAAAAAAAAAAAAAAAAAAAAAAAAAAAAAAAAAAAAAAAAAAAAAAAAAAAAAAAAAAAAAAAAAAAAAAAAAAAAAAAAAAAAAAAAAAAAAAAAAAAAAAAAAAAAAAAAAAAAAAAAAAAAAAAAAAAAAAAAAA='),('Tel Aviv Branch','MONTHLY_ORDERS_REPORT',2022,4,_binary 'rO0ABXNyABNyZXBvcnQuT3JkZXJzUmVwb3J0AAAAAAAAAAECAAVEABRhdmFyYWdlTW9udGhseU9yZGVyc0kAC3RvdGFsT3JkZXJzTAAPbW9zdFBvcHVsYXJJdGVtdAASTGphdmEvbGFuZy9TdHJpbmc7TAARb3JkZXJzUGVyQ2F0ZWdvcnl0ABNMamF2YS91dGlsL0hhc2hNYXA7WwAMb3JkZXJzUGVyRGF5dAACW0l4cgANcmVwb3J0LlJlcG9ydAAAAAAAAAACAgAESQAFbW9udGhJAAR5ZWFyTAAKQnJhbmNoTmFtZXEAfgABTAAEdHlwZXQAE0xyZXBvcnQvUmVwb3J0VHlwZTt4cAAAAAQAAAfmdAAPVGVsIEF2aXYgQnJhbmNofnIAEXJlcG9ydC5SZXBvcnRUeXBlAAAAAAAAAAASAAB4cgAOamF2YS5sYW5nLkVudW0AAAAAAAAAABIAAHhwdAAVTU9OVEhMWV9PUkRFUlNfUkVQT1JUAAAAAAAAAAAAAAAAdAAAc3IAEWphdmEudXRpbC5IYXNoTWFwBQfawcMWYNEDAAJGAApsb2FkRmFjdG9ySQAJdGhyZXNob2xkeHA/QAAAAAAAAHcIAAAAEAAAAAB4dXIAAltJTbpgJnbqsqUCAAB4cAAAAB8AAAAAAAAAAAAAAAAAAAAAAAAAAAAAAAAAAAAAAAAAAAAAAAAAAAAAAAAAAAAAAAAAAAAAAAAAAAAAAAAAAAAAAAAAAAAAAAAAAAAAAAAAAAAAAAAAAAAAAAAAAAAAAAAAAAAAAAAAAAAAAAAAAAAAAAAAAAAAAAAAAAAA'),('Tel Aviv Branch','MONTHLY_ORDERS_REPORT',2022,5,_binary 'rO0ABXNyABNyZXBvcnQuT3JkZXJzUmVwb3J0AAAAAAAAAAECAAVEABRhdmFyYWdlTW9udGhseU9yZGVyc0kAC3RvdGFsT3JkZXJzTAAPbW9zdFBvcHVsYXJJdGVtdAASTGphdmEvbGFuZy9TdHJpbmc7TAARb3JkZXJzUGVyQ2F0ZWdvcnl0ABNMamF2YS91dGlsL0hhc2hNYXA7WwAMb3JkZXJzUGVyRGF5dAACW0l4cgANcmVwb3J0LlJlcG9ydAAAAAAAAAACAgAESQAFbW9udGhJAAR5ZWFyTAAKQnJhbmNoTmFtZXEAfgABTAAEdHlwZXQAE0xyZXBvcnQvUmVwb3J0VHlwZTt4cAAAAAUAAAfmdAAPVGVsIEF2aXYgQnJhbmNofnIAEXJlcG9ydC5SZXBvcnRUeXBlAAAAAAAAAAASAAB4cgAOamF2YS5sYW5nLkVudW0AAAAAAAAAABIAAHhwdAAVTU9OVEhMWV9PUkRFUlNfUkVQT1JUAAAAAAAAAAAAAAAAdAAAc3IAEWphdmEudXRpbC5IYXNoTWFwBQfawcMWYNEDAAJGAApsb2FkRmFjdG9ySQAJdGhyZXNob2xkeHA/QAAAAAAAAHcIAAAAEAAAAAB4dXIAAltJTbpgJnbqsqUCAAB4cAAAAB8AAAAAAAAAAAAAAAAAAAAAAAAAAAAAAAAAAAAAAAAAAAAAAAAAAAAAAAAAAAAAAAAAAAAAAAAAAAAAAAAAAAAAAAAAAAAAAAAAAAAAAAAAAAAAAAAAAAAAAAAAAAAAAAAAAAAAAAAAAAAAAAAAAAAAAAAAAAAAAAAAAAAA'),('Tel Aviv Branch','MONTHLY_REVENU_EREPORT',2022,4,_binary 'rO0ABXNyABRyZXBvcnQuUmV2ZW51ZVJlcG9ydAAAAAAAAAABAgAFRAAVYXZlcmFnZU1vbnRobHlSZXZlbnVlRAAWYXZlcmFnZVJldmVudWVQZXJPcmRlckQADHRvdGFsUmV2ZW51ZUwAEm1vc3RQcm9maXRhYmxlSXRlbXQAEkxqYXZhL2xhbmcvU3RyaW5nO1sADXJldmVudWVQZXJEYXl0AAJbRHhyAA1yZXBvcnQuUmVwb3J0AAAAAAAAAAICAARJAAVtb250aEkABHllYXJMAApCcmFuY2hOYW1lcQB+AAFMAAR0eXBldAATTHJlcG9ydC9SZXBvcnRUeXBlO3hwAAAABAAAB+Z0AA9UZWwgQXZpdiBCcmFuY2h+cgARcmVwb3J0LlJlcG9ydFR5cGUAAAAAAAAAABIAAHhyAA5qYXZhLmxhbmcuRW51bQAAAAAAAAAAEgAAeHB0ABZNT05USExZX1JFVkVOVV9FUkVQT1JUAAAAAAAAAAAAAAAAAAAAAAAAAAAAAAAAdAAAdXIAAltEPqaMFKtjWh4CAAB4cAAAAB8AAAAAAAAAAAAAAAAAAAAAAAAAAAAAAAAAAAAAAAAAAAAAAAAAAAAAAAAAAAAAAAAAAAAAAAAAAAAAAAAAAAAAAAAAAAAAAAAAAAAAAAAAAAAAAAAAAAAAAAAAAAAAAAAAAAAAAAAAAAAAAAAAAAAAAAAAAAAAAAAAAAAAAAAAAAAAAAAAAAAAAAAAAAAAAAAAAAAAAAAAAAAAAAAAAAAAAAAAAAAAAAAAAAAAAAAAAAAAAAAAAAAAAAAAAAAAAAAAAAAAAAAAAAAAAAAAAAAAAAAAAAAAAAAAAAAAAAAAAAAAAAAAAAAAAAAAAAAAAAAAAAAAAAAAAA=='),('Tel Aviv Branch','MONTHLY_REVENU_EREPORT',2022,5,_binary 'rO0ABXNyABRyZXBvcnQuUmV2ZW51ZVJlcG9ydAAAAAAAAAABAgAFRAAVYXZlcmFnZU1vbnRobHlSZXZlbnVlRAAWYXZlcmFnZVJldmVudWVQZXJPcmRlckQADHRvdGFsUmV2ZW51ZUwAEm1vc3RQcm9maXRhYmxlSXRlbXQAEkxqYXZhL2xhbmcvU3RyaW5nO1sADXJldmVudWVQZXJEYXl0AAJbRHhyAA1yZXBvcnQuUmVwb3J0AAAAAAAAAAICAARJAAVtb250aEkABHllYXJMAApCcmFuY2hOYW1lcQB+AAFMAAR0eXBldAATTHJlcG9ydC9SZXBvcnRUeXBlO3hwAAAABQAAB+Z0AA9UZWwgQXZpdiBCcmFuY2h+cgARcmVwb3J0LlJlcG9ydFR5cGUAAAAAAAAAABIAAHhyAA5qYXZhLmxhbmcuRW51bQAAAAAAAAAAEgAAeHB0ABZNT05USExZX1JFVkVOVV9FUkVQT1JUAAAAAAAAAAAAAAAAAAAAAAAAAAAAAAAAdAAAdXIAAltEPqaMFKtjWh4CAAB4cAAAAB8AAAAAAAAAAAAAAAAAAAAAAAAAAAAAAAAAAAAAAAAAAAAAAAAAAAAAAAAAAAAAAAAAAAAAAAAAAAAAAAAAAAAAAAAAAAAAAAAAAAAAAAAAAAAAAAAAAAAAAAAAAAAAAAAAAAAAAAAAAAAAAAAAAAAAAAAAAAAAAAAAAAAAAAAAAAAAAAAAAAAAAAAAAAAAAAAAAAAAAAAAAAAAAAAAAAAAAAAAAAAAAAAAAAAAAAAAAAAAAAAAAAAAAAAAAAAAAAAAAAAAAAAAAAAAAAAAAAAAAAAAAAAAAAAAAAAAAAAAAAAAAAAAAAAAAAAAAAAAAAAAAAAAAAAAAA=='),('The moon branch','MONTHLY_ORDERS_REPORT',2022,4,_binary 'rO0ABXNyABNyZXBvcnQuT3JkZXJzUmVwb3J0AAAAAAAAAAECAAVEABRhdmFyYWdlTW9udGhseU9yZGVyc0kAC3RvdGFsT3JkZXJzTAAPbW9zdFBvcHVsYXJJdGVtdAASTGphdmEvbGFuZy9TdHJpbmc7TAARb3JkZXJzUGVyQ2F0ZWdvcnl0ABNMamF2YS91dGlsL0hhc2hNYXA7WwAMb3JkZXJzUGVyRGF5dAACW0l4cgANcmVwb3J0LlJlcG9ydAAAAAAAAAACAgAESQAFbW9udGhJAAR5ZWFyTAAKQnJhbmNoTmFtZXEAfgABTAAEdHlwZXQAE0xyZXBvcnQvUmVwb3J0VHlwZTt4cAAAAAQAAAfmdAAPVGhlIG1vb24gYnJhbmNofnIAEXJlcG9ydC5SZXBvcnRUeXBlAAAAAAAAAAASAAB4cgAOamF2YS5sYW5nLkVudW0AAAAAAAAAABIAAHhwdAAVTU9OVEhMWV9PUkRFUlNfUkVQT1JUAAAAAAAAAAAAAAAAdAAAc3IAEWphdmEudXRpbC5IYXNoTWFwBQfawcMWYNEDAAJGAApsb2FkRmFjdG9ySQAJdGhyZXNob2xkeHA/QAAAAAAAAHcIAAAAEAAAAAB4dXIAAltJTbpgJnbqsqUCAAB4cAAAAB8AAAAAAAAAAAAAAAAAAAAAAAAAAAAAAAAAAAAAAAAAAAAAAAAAAAAAAAAAAAAAAAAAAAAAAAAAAAAAAAAAAAAAAAAAAAAAAAAAAAAAAAAAAAAAAAAAAAAAAAAAAAAAAAAAAAAAAAAAAAAAAAAAAAAAAAAAAAAAAAAAAAAA'),('The moon branch','MONTHLY_ORDERS_REPORT',2022,5,_binary 'rO0ABXNyABNyZXBvcnQuT3JkZXJzUmVwb3J0AAAAAAAAAAECAAVEABRhdmFyYWdlTW9udGhseU9yZGVyc0kAC3RvdGFsT3JkZXJzTAAPbW9zdFBvcHVsYXJJdGVtdAASTGphdmEvbGFuZy9TdHJpbmc7TAARb3JkZXJzUGVyQ2F0ZWdvcnl0ABNMamF2YS91dGlsL0hhc2hNYXA7WwAMb3JkZXJzUGVyRGF5dAACW0l4cgANcmVwb3J0LlJlcG9ydAAAAAAAAAACAgAESQAFbW9udGhJAAR5ZWFyTAAKQnJhbmNoTmFtZXEAfgABTAAEdHlwZXQAE0xyZXBvcnQvUmVwb3J0VHlwZTt4cAAAAAUAAAfmdAAPVGhlIG1vb24gYnJhbmNofnIAEXJlcG9ydC5SZXBvcnRUeXBlAAAAAAAAAAASAAB4cgAOamF2YS5sYW5nLkVudW0AAAAAAAAAABIAAHhwdAAVTU9OVEhMWV9PUkRFUlNfUkVQT1JUAAAAAAAAAAAAAAABdAAOYW5vdGhlciBmbG93ZXJzcgARamF2YS51dGlsLkhhc2hNYXAFB9rBwxZg0QMAAkYACmxvYWRGYWN0b3JJAAl0aHJlc2hvbGR4cD9AAAAAAAAMdwgAAAAQAAAAAXQAFWNvbmdyYXR1bGF0aW9uRmxvd2Vyc3NyABFqYXZhLmxhbmcuSW50ZWdlchLioKT3gYc4AgABSQAFdmFsdWV4cgAQamF2YS5sYW5nLk51bWJlcoaslR0LlOCLAgAAeHAAAAABeHVyAAJbSU26YCZ26rKlAgAAeHAAAAAfAAAAAQAAAAAAAAAAAAAAAAAAAAAAAAAAAAAAAAAAAAAAAAAAAAAAAAAAAAAAAAAAAAAAAAAAAAAAAAAAAAAAAAAAAAAAAAAAAAAAAAAAAAAAAAAAAAAAAAAAAAAAAAAAAAAAAAAAAAAAAAAAAAAAAAAAAAAAAAAAAAAAAA=='),('The moon branch','MONTHLY_REVENU_EREPORT',2022,4,_binary 'rO0ABXNyABRyZXBvcnQuUmV2ZW51ZVJlcG9ydAAAAAAAAAABAgAFRAAVYXZlcmFnZU1vbnRobHlSZXZlbnVlRAAWYXZlcmFnZVJldmVudWVQZXJPcmRlckQADHRvdGFsUmV2ZW51ZUwAEm1vc3RQcm9maXRhYmxlSXRlbXQAEkxqYXZhL2xhbmcvU3RyaW5nO1sADXJldmVudWVQZXJEYXl0AAJbRHhyAA1yZXBvcnQuUmVwb3J0AAAAAAAAAAICAARJAAVtb250aEkABHllYXJMAApCcmFuY2hOYW1lcQB+AAFMAAR0eXBldAATTHJlcG9ydC9SZXBvcnRUeXBlO3hwAAAABAAAB+Z0AA9UaGUgbW9vbiBicmFuY2h+cgARcmVwb3J0LlJlcG9ydFR5cGUAAAAAAAAAABIAAHhyAA5qYXZhLmxhbmcuRW51bQAAAAAAAAAAEgAAeHB0ABZNT05USExZX1JFVkVOVV9FUkVQT1JUAAAAAAAAAAAAAAAAAAAAAAAAAAAAAAAAdAAAdXIAAltEPqaMFKtjWh4CAAB4cAAAAB8AAAAAAAAAAAAAAAAAAAAAAAAAAAAAAAAAAAAAAAAAAAAAAAAAAAAAAAAAAAAAAAAAAAAAAAAAAAAAAAAAAAAAAAAAAAAAAAAAAAAAAAAAAAAAAAAAAAAAAAAAAAAAAAAAAAAAAAAAAAAAAAAAAAAAAAAAAAAAAAAAAAAAAAAAAAAAAAAAAAAAAAAAAAAAAAAAAAAAAAAAAAAAAAAAAAAAAAAAAAAAAAAAAAAAAAAAAAAAAAAAAAAAAAAAAAAAAAAAAAAAAAAAAAAAAAAAAAAAAAAAAAAAAAAAAAAAAAAAAAAAAAAAAAAAAAAAAAAAAAAAAAAAAAAAAA=='),('The moon branch','MONTHLY_REVENU_EREPORT',2022,5,_binary 'rO0ABXNyABRyZXBvcnQuUmV2ZW51ZVJlcG9ydAAAAAAAAAABAgAFRAAVYXZlcmFnZU1vbnRobHlSZXZlbnVlRAAWYXZlcmFnZVJldmVudWVQZXJPcmRlckQADHRvdGFsUmV2ZW51ZUwAEm1vc3RQcm9maXRhYmxlSXRlbXQAEkxqYXZhL2xhbmcvU3RyaW5nO1sADXJldmVudWVQZXJEYXl0AAJbRHhyAA1yZXBvcnQuUmVwb3J0AAAAAAAAAAICAARJAAVtb250aEkABHllYXJMAApCcmFuY2hOYW1lcQB+AAFMAAR0eXBldAATTHJlcG9ydC9SZXBvcnRUeXBlO3hwAAAABQAAB+Z0AA9UaGUgbW9vbiBicmFuY2h+cgARcmVwb3J0LlJlcG9ydFR5cGUAAAAAAAAAABIAAHhyAA5qYXZhLmxhbmcuRW51bQAAAAAAAAAAEgAAeHB0ABZNT05USExZX1JFVkVOVV9FUkVQT1JUAAAAAAAAAABAB+uFHrhR7EAH64UeuFHsdAAOYW5vdGhlciBmbG93ZXJ1cgACW0Q+powUq2NaHgIAAHhwAAAAH0AH64UeuFHsAAAAAAAAAAAAAAAAAAAAAAAAAAAAAAAAAAAAAAAAAAAAAAAAAAAAAAAAAAAAAAAAAAAAAAAAAAAAAAAAAAAAAAAAAAAAAAAAAAAAAAAAAAAAAAAAAAAAAAAAAAAAAAAAAAAAAAAAAAAAAAAAAAAAAAAAAAAAAAAAAAAAAAAAAAAAAAAAAAAAAAAAAAAAAAAAAAAAAAAAAAAAAAAAAAAAAAAAAAAAAAAAAAAAAAAAAAAAAAAAAAAAAAAAAAAAAAAAAAAAAAAAAAAAAAAAAAAAAAAAAAAAAAAAAAAAAAAAAAAAAAAAAAAAAAAAAAAAAAAA'),('The sum','MONTHLY_ORDERS_REPORT',2022,4,_binary 'rO0ABXNyABNyZXBvcnQuT3JkZXJzUmVwb3J0AAAAAAAAAAECAAVEABRhdmFyYWdlTW9udGhseU9yZGVyc0kAC3RvdGFsT3JkZXJzTAAPbW9zdFBvcHVsYXJJdGVtdAASTGphdmEvbGFuZy9TdHJpbmc7TAARb3JkZXJzUGVyQ2F0ZWdvcnl0ABNMamF2YS91dGlsL0hhc2hNYXA7WwAMb3JkZXJzUGVyRGF5dAACW0l4cgANcmVwb3J0LlJlcG9ydAAAAAAAAAACAgAESQAFbW9udGhJAAR5ZWFyTAAKQnJhbmNoTmFtZXEAfgABTAAEdHlwZXQAE0xyZXBvcnQvUmVwb3J0VHlwZTt4cAAAAAQAAAfmdAAHVGhlIHN1bX5yABFyZXBvcnQuUmVwb3J0VHlwZQAAAAAAAAAAEgAAeHIADmphdmEubGFuZy5FbnVtAAAAAAAAAAASAAB4cHQAFU1PTlRITFlfT1JERVJTX1JFUE9SVAAAAAAAAAAAAAAAAHQAAHNyABFqYXZhLnV0aWwuSGFzaE1hcAUH2sHDFmDRAwACRgAKbG9hZEZhY3RvckkACXRocmVzaG9sZHhwP0AAAAAAAAB3CAAAABAAAAAAeHVyAAJbSU26YCZ26rKlAgAAeHAAAAAfAAAAAAAAAAAAAAAAAAAAAAAAAAAAAAAAAAAAAAAAAAAAAAAAAAAAAAAAAAAAAAAAAAAAAAAAAAAAAAAAAAAAAAAAAAAAAAAAAAAAAAAAAAAAAAAAAAAAAAAAAAAAAAAAAAAAAAAAAAAAAAAAAAAAAAAAAAAAAAAAAAAAAA=='),('The sum','MONTHLY_ORDERS_REPORT',2022,5,_binary 'rO0ABXNyABNyZXBvcnQuT3JkZXJzUmVwb3J0AAAAAAAAAAECAAVEABRhdmFyYWdlTW9udGhseU9yZGVyc0kAC3RvdGFsT3JkZXJzTAAPbW9zdFBvcHVsYXJJdGVtdAASTGphdmEvbGFuZy9TdHJpbmc7TAARb3JkZXJzUGVyQ2F0ZWdvcnl0ABNMamF2YS91dGlsL0hhc2hNYXA7WwAMb3JkZXJzUGVyRGF5dAACW0l4cgANcmVwb3J0LlJlcG9ydAAAAAAAAAACAgAESQAFbW9udGhJAAR5ZWFyTAAKQnJhbmNoTmFtZXEAfgABTAAEdHlwZXQAE0xyZXBvcnQvUmVwb3J0VHlwZTt4cAAAAAUAAAfmdAAHVGhlIHN1bX5yABFyZXBvcnQuUmVwb3J0VHlwZQAAAAAAAAAAEgAAeHIADmphdmEubGFuZy5FbnVtAAAAAAAAAAASAAB4cHQAFU1PTlRITFlfT1JERVJTX1JFUE9SVAAAAAAAAAAAAAAAAHQAAHNyABFqYXZhLnV0aWwuSGFzaE1hcAUH2sHDFmDRAwACRgAKbG9hZEZhY3RvckkACXRocmVzaG9sZHhwP0AAAAAAAAB3CAAAABAAAAAAeHVyAAJbSU26YCZ26rKlAgAAeHAAAAAfAAAAAAAAAAAAAAAAAAAAAAAAAAAAAAAAAAAAAAAAAAAAAAAAAAAAAAAAAAAAAAAAAAAAAAAAAAAAAAAAAAAAAAAAAAAAAAAAAAAAAAAAAAAAAAAAAAAAAAAAAAAAAAAAAAAAAAAAAAAAAAAAAAAAAAAAAAAAAAAAAAAAAA=='),('The sum','MONTHLY_REVENU_EREPORT',2022,4,_binary 'rO0ABXNyABRyZXBvcnQuUmV2ZW51ZVJlcG9ydAAAAAAAAAABAgAFRAAVYXZlcmFnZU1vbnRobHlSZXZlbnVlRAAWYXZlcmFnZVJldmVudWVQZXJPcmRlckQADHRvdGFsUmV2ZW51ZUwAEm1vc3RQcm9maXRhYmxlSXRlbXQAEkxqYXZhL2xhbmcvU3RyaW5nO1sADXJldmVudWVQZXJEYXl0AAJbRHhyAA1yZXBvcnQuUmVwb3J0AAAAAAAAAAICAARJAAVtb250aEkABHllYXJMAApCcmFuY2hOYW1lcQB+AAFMAAR0eXBldAATTHJlcG9ydC9SZXBvcnRUeXBlO3hwAAAABAAAB+Z0AAdUaGUgc3VtfnIAEXJlcG9ydC5SZXBvcnRUeXBlAAAAAAAAAAASAAB4cgAOamF2YS5sYW5nLkVudW0AAAAAAAAAABIAAHhwdAAWTU9OVEhMWV9SRVZFTlVfRVJFUE9SVAAAAAAAAAAAAAAAAAAAAAAAAAAAAAAAAHQAAHVyAAJbRD6mjBSrY1oeAgAAeHAAAAAfAAAAAAAAAAAAAAAAAAAAAAAAAAAAAAAAAAAAAAAAAAAAAAAAAAAAAAAAAAAAAAAAAAAAAAAAAAAAAAAAAAAAAAAAAAAAAAAAAAAAAAAAAAAAAAAAAAAAAAAAAAAAAAAAAAAAAAAAAAAAAAAAAAAAAAAAAAAAAAAAAAAAAAAAAAAAAAAAAAAAAAAAAAAAAAAAAAAAAAAAAAAAAAAAAAAAAAAAAAAAAAAAAAAAAAAAAAAAAAAAAAAAAAAAAAAAAAAAAAAAAAAAAAAAAAAAAAAAAAAAAAAAAAAAAAAAAAAAAAAAAAAAAAAAAAAAAAAAAAAAAAAAAAAAAAA='),('The sum','MONTHLY_REVENU_EREPORT',2022,5,_binary 'rO0ABXNyABRyZXBvcnQuUmV2ZW51ZVJlcG9ydAAAAAAAAAABAgAFRAAVYXZlcmFnZU1vbnRobHlSZXZlbnVlRAAWYXZlcmFnZVJldmVudWVQZXJPcmRlckQADHRvdGFsUmV2ZW51ZUwAEm1vc3RQcm9maXRhYmxlSXRlbXQAEkxqYXZhL2xhbmcvU3RyaW5nO1sADXJldmVudWVQZXJEYXl0AAJbRHhyAA1yZXBvcnQuUmVwb3J0AAAAAAAAAAICAARJAAVtb250aEkABHllYXJMAApCcmFuY2hOYW1lcQB+AAFMAAR0eXBldAATTHJlcG9ydC9SZXBvcnRUeXBlO3hwAAAABQAAB+Z0AAdUaGUgc3VtfnIAEXJlcG9ydC5SZXBvcnRUeXBlAAAAAAAAAAASAAB4cgAOamF2YS5sYW5nLkVudW0AAAAAAAAAABIAAHhwdAAWTU9OVEhMWV9SRVZFTlVfRVJFUE9SVAAAAAAAAAAAAAAAAAAAAAAAAAAAAAAAAHQAAHVyAAJbRD6mjBSrY1oeAgAAeHAAAAAfAAAAAAAAAAAAAAAAAAAAAAAAAAAAAAAAAAAAAAAAAAAAAAAAAAAAAAAAAAAAAAAAAAAAAAAAAAAAAAAAAAAAAAAAAAAAAAAAAAAAAAAAAAAAAAAAAAAAAAAAAAAAAAAAAAAAAAAAAAAAAAAAAAAAAAAAAAAAAAAAAAAAAAAAAAAAAAAAAAAAAAAAAAAAAAAAAAAAAAAAAAAAAAAAAAAAAAAAAAAAAAAAAAAAAAAAAAAAAAAAAAAAAAAAAAAAAAAAAAAAAAAAAAAAAAAAAAAAAAAAAAAAAAAAAAAAAAAAAAAAAAAAAAAAAAAAAAAAAAAAAAAAAAAAAAA=');
/*!40000 ALTER TABLE `report` ENABLE KEYS */;
UNLOCK TABLES;

--
-- Table structure for table `shopcredit`
--

DROP TABLE IF EXISTS `shopcredit`;
/*!40101 SET @saved_cs_client     = @@character_set_client */;
/*!50503 SET character_set_client = utf8mb4 */;
CREATE TABLE `shopcredit` (
  `customerID` varchar(15) NOT NULL,
  `credit` double DEFAULT '0',
  PRIMARY KEY (`customerID`)
) ENGINE=InnoDB DEFAULT CHARSET=utf8mb4 COLLATE=utf8mb4_0900_ai_ci;
/*!40101 SET character_set_client = @saved_cs_client */;

--
-- Dumping data for table `shopcredit`
--

LOCK TABLES `shopcredit` WRITE;
/*!40000 ALTER TABLE `shopcredit` DISABLE KEYS */;
INSERT INTO `shopcredit` VALUES ('12345678',0);
/*!40000 ALTER TABLE `shopcredit` ENABLE KEYS */;
UNLOCK TABLES;

--
-- Table structure for table `survey`
--

DROP TABLE IF EXISTS `survey`;
/*!40101 SET @saved_cs_client     = @@character_set_client */;
/*!50503 SET character_set_client = utf8mb4 */;
CREATE TABLE `survey` (
  `surveyNumber` int NOT NULL AUTO_INCREMENT,
  `q1` varchar(120) DEFAULT NULL,
  `q2` varchar(120) DEFAULT NULL,
  `q3` varchar(120) DEFAULT NULL,
  `q4` varchar(120) DEFAULT NULL,
  `q5` varchar(120) DEFAULT NULL,
  `q6` varchar(120) DEFAULT NULL,
  `a1` int DEFAULT '0',
  `a2` int DEFAULT '0',
  `a3` int DEFAULT '0',
  `a4` int DEFAULT '0',
  `a5` int DEFAULT '0',
  `a6` int DEFAULT '0',
  `participants` int DEFAULT '0',
  `surveyResult` mediumblob,
  PRIMARY KEY (`surveyNumber`),
  UNIQUE KEY `surveyNumber_UNIQUE` (`surveyNumber`)
) ENGINE=InnoDB AUTO_INCREMENT=3 DEFAULT CHARSET=utf8mb4 COLLATE=utf8mb4_0900_ai_ci;
/*!40101 SET character_set_client = @saved_cs_client */;

--
-- Dumping data for table `survey`
--

LOCK TABLES `survey` WRITE;
/*!40000 ALTER TABLE `survey` DISABLE KEYS */;
INSERT INTO `survey` VALUES (1,'why','how','when','where','what','who',0,0,0,0,0,0,0,_binary 'rO0ABXNyABBmaWxlcy5TaW1wbGVGaWxlgB+ramaqCjMCAANbAARkYXRhdAACW0JMAAhmaWxlTmFtZXQAEkxqYXZhL2xhbmcvU3RyaW5nO0wACGZpbGVUeXBlcQB+AAJ4cHVyAAJbQqzzF/gGCFTgAgAAeHAAAUngJVBERi0xLjcNCiW1tbW1DQoxIDAgb2JqDQo8PC9UeXBlL0NhdGFsb2cvUGFnZXMgMiAwIFIvTGFuZyhlbi1JTCkgL1N0cnVjdFRyZWVSb290IDE1IDAgUi9NYXJrSW5mbzw8L01hcmtlZCB0cnVlPj4vTWV0YWRhdGEgMzIgMCBSL1ZpZXdlclByZWZlcmVuY2VzIDMzIDAgUj4+DQplbmRvYmoNCjIgMCBvYmoNCjw8L1R5cGUvUGFnZXMvQ291bnQgMS9LaWRzWyAzIDAgUl0gPj4NCmVuZG9iag0KMyAwIG9iag0KPDwvVHlwZS9QYWdlL1BhcmVudCAyIDAgUi9SZXNvdXJjZXM8PC9Gb250PDwvRjEgNSAwIFIvRjIgOSAwIFI+Pi9FeHRHU3RhdGU8PC9HUzcgNyAwIFIvR1M4IDggMCBSPj4vUHJvY1NldFsvUERGL1RleHQvSW1hZ2VCL0ltYWdlQy9JbWFnZUldID4+L01lZGlhQm94WyAwIDAgNTk1LjMyIDg0MS45Ml0gL0NvbnRlbnRzIDQgMCBSL0dyb3VwPDwvVHlwZS9Hcm91cC9TL1RyYW5zcGFyZW5jeS9DUy9EZXZpY2VSR0I+Pi9UYWJzL1MvU3RydWN0UGFyZW50cyAwPj4NCmVuZG9iag0KNCAwIG9iag0KPDwvRmlsdGVyL0ZsYXRlRGVjb2RlL0xlbmd0aCAzNDg+Pg0Kc3RyZWFtDQp4nL2VW0vDMBSA3wP5D+cxEZbm1iaBMbDbHIoTtBUfxIehtQy2Ojf9/6ZzEzbbl61tHwK5cL4vyTkNBMlqVkC/H0yH1yPgwe2syIFkRe8xoYMBxKMhfGLEGS8/a40ADqELmZJgtWBOwjrD6OkCCoziFKPgSoAQjGtI3zEqV3MQYCTjUoMJHdMW0qVfN0kM5BsfGvJtz+56E4yeSUJfIL3BaOwj3mPUhIFhPDow2IJ3vPmS9hRZUUUWGTTOFlwzY+vY64wKTjbfCxqSLyg93rxHRh1Z0oh8NG8TWhbWnsTR7mE8HQIcJoloOUmUvyp5iphsWUxopqNTxFS7YpGTJ56YblksslVid81Xt2O+yOp489czi1pWIJ1mStch+z6yGHSMdLHtAOln/M9M+1YqB+v8eORhL+O62D9zkfPgUJkS/+vzb/BP6bL7K4nPQla/Js4z63K9quh/APm3iacNCmVuZHN0cmVhbQ0KZW5kb2JqDQo1IDAgb2JqDQo8PC9UeXBlL0ZvbnQvU3VidHlwZS9UcnVlVHlwZS9OYW1lL0YxL0Jhc2VGb250L0JDREVFRStDYWxpYnJpL0VuY29kaW5nL1dpbkFuc2lFbmNvZGluZy9Gb250RGVzY3JpcHRvciA2IDAgUi9GaXJzdENoYXIgMzIvTGFzdENoYXIgMTE3L1dpZHRocyAyNyAwIFI+Pg0KZW5kb2JqDQo2IDAgb2JqDQo8PC9UeXBlL0ZvbnREZXNjcmlwdG9yL0ZvbnROYW1lL0JDREVFRStDYWxpYnJpL0ZsYWdzIDMyL0l0YWxpY0FuZ2xlIDAvQXNjZW50IDc1MC9EZXNjZW50IC0yNTAvQ2FwSGVpZ2h0IDc1MC9BdmdXaWR0aCA1MjEvTWF4V2lkdGggMTc0My9Gb250V2VpZ2h0IDQwMC9YSGVpZ2h0IDI1MC9TdGVtViA1Mi9Gb250QkJveFsgLTUwMyAtMjUwIDEyNDAgNzUwXSAvRm9udEZpbGUyIDI4IDAgUj4+DQplbmRvYmoNCjcgMCBvYmoNCjw8L1R5cGUvRXh0R1N0YXRlL0JNL05vcm1hbC9jYSAxPj4NCmVuZG9iag0KOCAwIG9iag0KPDwvVHlwZS9FeHRHU3RhdGUvQk0vTm9ybWFsL0NBIDE+Pg0KZW5kb2JqDQo5IDAgb2JqDQo8PC9UeXBlL0ZvbnQvU3VidHlwZS9UeXBlMC9CYXNlRm9udC9CQ0RGRUUrU2Vnb2VVSUVtb2ppL0VuY29kaW5nL0lkZW50aXR5LUgvRGVzY2VuZGFudEZvbnRzIDEwIDAgUi9Ub1VuaWNvZGUgMjkgMCBSPj4NCmVuZG9iag0KMTAgMCBvYmoNClsgMTEgMCBSXSANCmVuZG9iag0KMTEgMCBvYmoNCjw8L0Jhc2VGb250L0JDREZFRStTZWdvZVVJRW1vamkvU3VidHlwZS9DSURGb250VHlwZTIvVHlwZS9Gb250L0NJRFRvR0lETWFwL0lkZW50aXR5L0RXIDEwMDAvQ0lEU3lzdGVtSW5mbyAxMiAwIFIvRm9udERlc2NyaXB0b3IgMTMgMCBSL1cgMzEgMCBSPj4NCmVuZG9iag0KMTIgMCBvYmoNCjw8L09yZGVyaW5nKElkZW50aXR5KSAvUmVnaXN0cnkoQWRvYmUpIC9TdXBwbGVtZW50IDA+Pg0KZW5kb2JqDQoxMyAwIG9iag0KPDwvVHlwZS9Gb250RGVzY3JpcHRvci9Gb250TmFtZS9CQ0RGRUUrU2Vnb2VVSUVtb2ppL0ZsYWdzIDMyL0l0YWxpY0FuZ2xlIDAvQXNjZW50IDcyOC9EZXNjZW50IC0yMTAvQ2FwSGVpZ2h0IDcyOC9BdmdXaWR0aCAxMjU1L01heFdpZHRoIDE2NzgvRm9udFdlaWdodCA0MDAvWEhlaWdodCAyNTAvU3RlbVYgMTI1L0ZvbnRCQm94WyAtMzUxIC0yMTAgMTMyNyA3MjhdIC9Gb250RmlsZTIgMzAgMCBSPj4NCmVuZG9iag0KMTQgMCBvYmoNCjw8L0F1dGhvcihIYWxsZWwgV2VpbCkgL0NyZWF0b3Io/v8ATQBpAGMAcgBvAHMAbwBmAHQArgAgAFcAbwByAGQAIAAyADAAMQA5KSAvQ3JlYXRpb25EYXRlKEQ6MjAyMjA1MzAxOTIxMzgrMDMnMDAnKSAvTW9kRGF0ZShEOjIwMjIwNTMwMTkyMTM4KzAzJzAwJykgL1Byb2R1Y2VyKP7/AE0AaQBjAHIAbwBzAG8AZgB0AK4AIABXAG8AcgBkACAAMgAwADEAOSkgPj4NCmVuZG9iag0KMjIgMCBvYmoNCjw8L1R5cGUvT2JqU3RtL04gMTEvRmlyc3QgNzQvRmlsdGVyL0ZsYXRlRGVjb2RlL0xlbmd0aCAzNDA+Pg0Kc3RyZWFtDQp4nJVSTYvCQAy9C/6H/IPpTL8URFhWZRexlFbYg3gYa7YW246MU9B/vxPbxQoe9DLJe8lL0qTCAQeECz4H4QF3BAgfuO+CCEA4lhlbghhw3RB4AJ4YAQ8hCGxsBMEoBMEhtLrJhMWU7kDCUhaz9fWELDW6ycy8xIotN+BsgcU5uJQznQ4HL0j4+xLxvsR9X+I9lfidZKaypsLaPJ2PVp7Q0m/Ga43fmoDMFrqKPfVaIyZKGZaoElfyRLegXrHUtg9F6SzE0NbGbZleNMKLWeIVeFd6YWvVyiCL6JnX+ztY29SdurAUM8O+UO5Rtz5p/v3vuixqTA+SJiTio7YVpClU3WFtil9pnRv6Ufq4U+p43wwx5wOioSENW8lMqx7+PNi3h2eFLFXeI9Ky2GMvt+1j03ItK7Yo8kZj961RU5039J/zh+1GssLzpoWvnWU4+AOo+eggDQplbmRzdHJlYW0NCmVuZG9iag0KMjcgMCBvYmoNClsgMjI2IDAgMCAwIDAgMCAwIDAgMCAwIDAgMCAwIDAgMCAwIDAgMCAwIDAgMCAwIDAgMCAwIDAgMCAwIDAgMCAwIDAgMCAwIDAgMCAwIDAgMCAwIDAgMCAwIDAgMCAwIDY0NiAwIDAgMCAwIDQ1OSAwIDAgMCAwIDAgMCAwIDAgMCAwIDAgMCAwIDAgMCA0MjMgNTI1IDQ5OCAwIDAgMCAyMzAgMCAwIDIzMCA3OTkgMCA1MjcgNTI1IDAgMzQ5IDM5MSAzMzUgNTI1XSANCmVuZG9iag0KMjggMCBvYmoNCjw8L0ZpbHRlci9GbGF0ZURlY29kZS9MZW5ndGggMjc0NzQvTGVuZ3RoMSA5NDg3Nj4+DQpzdHJlYW0NCnic7H0JXJTV/v4576wwDDMDAwwMMAMDiIKi4IIrI5sibgij4AqyiIq7pJUaZWpRttz23bot92bLMFqile277d3WW+m9dW/dsuy2mQv8n/N+5+CS1e/e37/b7fObLzzzPOd7vue8Z38Phsk4Y8yKDy2rLSksrtr9aq8NjE/cwpju8ZLC8UVf5577OOPlkxnTTJ5UmZN7w6N19zHGz0Op2vpFdUv9A/wvMLbwcuQvqD9tpXvn0rcGMXazA+UfbFo6b9G69zVDGFuCcHPWvJbTm6aNezqJsdtfZ2zkJc2NdQ0HJ5zuR30RCBjcDIf57sT9SBcjnda8aOXqvTMcB5D+mLH5d7Usqa/75rGP+jD2YQPCpy6qW720nzkjE/nNiHcvalxZd+05W05jvAr57NzFdYsabzz0zRzGEx5krP+KpUtWrOx2so3oT38Rv3R549LoeanxjK3JxuM+ZWIs9MP2rfz8zDVzLCO+YfFGJuyBT9fsEfxm2apJhw8dbQv7zDgYyTCmMDKU07Muxp8I33L40KEtYZ+pNR1n8XcJj7MPu4xZ2WqmQUkry2GbGIsajOcqyNVos/glTMeMumt0eagymVjzMtuoMCNTLDpFUbQaRfsh69f9CEs7U20BbEKl2828jKXvoTYYblQy3Ix3izzNDl2k6CmzayOPtYa/xP7Pm/5NdpeuD7vrl36O5m425pd+xn/KNM+zRafyaxvZzSfEtZ2Y/t8Y/+yn60K+7cfylL2nLqvXs5u1l546T3sna/pX2qd58lg9mv0njcMkVnbKMjUs8YRnbmY3/SvP/DVMM5dN/6l8Pad87UBWe0K5w2zWL9is/2rjb7AN/4OYa/7dGH3DT5fV5v/0nP0gfuCx+pTnTqxbk8IqTlVGd8+JfuUelvKDelt/6DtVjC6a4vRv/3y8iEF7L/+5uF/SlImsWPmIjVU6TzzjeT2r69GzWYt2KmtR4//GShCvav4ta1H6s0L+V+ZRPiHf/zXDumb8xV+7FSELWchCRqZcx8N/NK+W7f9PtuW3YppB7IJfuw0hC1nIQhayf9+0j/5rf/bx/+WZi9hFmla2+WS/0sZK/9NtCVnIQhaykIUsZCELWchCFrKQ/fbtx37ODFnIQhaykIUsZCELWchCFrKQhSxkIQvZf4fxn/0t+ZCFLGQhC1nIQhaykIUsZCELWchCFrKQhSxkIQtZyEIWspCFLGQhC1nIQhaykIUsZCELWchCFrKQhSxkIQtZyEIWspD9Z6x716/dgpCF7Fc2TRCJwX9J6hmkoJTdTKv+m0VufGnVHDNLZRNZJWtk89kitpS1si18QNIwd1j6nu7uYISbTUBEPSJa2BK2XI0YGozg3d9gz33HTIj8mh7eXc8Gfbppf68PRgafntjzmYy6Uk9sqWac5ipu5Qk8mS/hrXwtP59fyC/h1/L7mJ5/q8Z8e/K/h4W0EvzXsxT208aPPeVfGcD/sRWzkh49+2eaovYyqNV/1Ub0GJ/oMz5lr38rpvklKuVNv6kVyrzTN25YuWL5sqVLFi9qWbhgfvO8psaGuXNmz5o5Y3pNta+qckrF5EkTJ4wvH1c2dkxpSXFR4WhvwaiRI4YPG5o/ZPCgnH59szMz0tM8qS6H3Wa1mE3hYUaDXqfVKJxll3hKa93+jFq/NsMzdmxfkfbUwVF3nKPW74ar9MQYv7tWDXOfGOlFZNNJkV6K9PZEcqt7BBvRN9td4nH7Xyj2uDv59Ipq6M3Fnhq3f7+qJ6ham6EmzEikpKCEu8TRXOz281p3ib/0tOb2ktpi1NdhCi/yFDWG981mHeEmSBOUP9OztINnjuKqUDJLhnUozGgWj/Vr0kvqGvyTK6pLip0pKTWqjxWpdfn1RX6DWpd7vmgzu8Ddkf1I+4WdVja3NiuiwdNQN7Par6lDoXZNSXv7Jr8ty9/bU+zvfcaHDnS50Z/tKS7xZ3lQWfmUngdwvy7d6nG3f8PQeM/+z0701AU9+nTrN0xI0cWeYUK+1AxtQwvRv5QU0ZYLOr1sLhL+topqSrvZXGeAeXOyavxKrch5RObE+EROm8zpKV7rSRFTVVIb/D6t2eFvm+vum43RV7/T8Y18t1+TUTu3vllwXWO7p7iYxq2q2u8thvDWBfta0tE/B/F1tejEfDEMFdX+HM9Sv91TSAFwuMUczK+sVosEi/ntRX5WWx8s5c8pKRbtcpe01xZTA0VdnorqnSyve2/HQLdzWx4byGpEO/yxRZiUjJL26oYmv6vW2YD12eSudqb4vTUYvhpPdWONmCWP1d97Lx6Xoj5RLYW+nRQtg0XPDelGd7Xi1NSI2YLDXYoPT+EIZFgxXWpSzGjhCHc1dzIZhqcEI4Q6oR4kNOlFY0WWRhQtGutMqUkh+4kmOYNt0qX7jcfVZYWjp030nB9tGkWLBvV2lzQWH9fAEyrVBRsYrO3U7VTEWAQfjBJGMZ1jZZYmHTsXPgXVqC4xiw63n012V3saPTUerCHv5GrRNzHW6vyWV3rKK6ZXq7MdXCVVJ6QoP59SfpaCbJlQirAGS7OcclrV9Bg13ZMce1J2mcz2iHa1tzd0ME26WMrODq4KXdEFNf5JWTUe/9wsT4poZ9/sDiOLSKmqLcJeLcVx5ymt87it7tL2us7utrntHV5v+9KS2uZh2BftnrKGdk9l9Qin2vgp1WudZ4hnR7FyXl5ViKoUVtjh4edVdHj5eZXTq3da8UY6r6o6oHClqLawpiMNedU73XgBqF5FeIVTJNwiIWqagoRRjXfu9DLWpuZqVYearu/kTPUZpY+z+k6FfFZ6UIb6IC/uOfWdWsrxymgtfEbytVF0ZjDaiByryNnFFHHvE5lkHUwMsDdc5zV6w7wRilnBkApXAJ5diA3jbFsEN3NnB+qcoro7eVtHmNe5U61pSjCyDZHC19bjQ8tF2HEV4XnUcd+xHvimV2+LYKhf/UREoTCsQkcz1hDeJyXuBrH+1tQ0t9fWiNODxWKt4pv7uWcU8yueUWixPsIf7mks9Js8hcJfIPwF5NcLvwErn8dyTLY4dNtrPTiIsWOqmZPTXtOIKt2d3d1V1SkvOPfXpGAvzQSmV/vDsvBy06WPQ9wYgVq4x/jb6utEO5ivWpQ1pJfV12BfygoRUuYPQw1hwRoQUaqWEfsNheqx1uo8qoQbR0dbjb8mSzy0en6Nul+tfjbWM8yvz6A6dRniQTk17VGeXPXwwV4PT98kKAxtY5XV5HEiiYfV0CAZItDyeg+y6mvdtEYqsZfpZRHuJE8jznxtRqOKcGcwk4luadJN5nB/WD9UiG+hTf3EmaNLN9TUUOPV1KZgAJ5t9ZvQoozjhjJYAKODrDLRFnxvQlNF6KOimopONsWzGkenaLRakwHZfnN6WR3eblTeBI8nXxY2ikPQFKzjCfIaRM8jMO44Ejq77/CcnnKc4ewQbz+x/phzJzYqq2k/2eGfkdU323iy16y629uN5lMXoPEymntYdSrp9eKtABYLTl1v7hLxqvSM61AmZqnMVW4f58EbREkXwEVHg+2T4m6oEVFo8mT1LPvRIH5ckHhNq5W3W4fLFA+maDLb/fNOTDb3JEsFcBlM70d3CHRFnLVYKwuc/hasTBkiZsTd7rZ6hnnEh1p4jEAtJqlnW2D5Y9WJTdNW766ei8WOCktr20vbxRW1vi44bMEn+RdnnVAl9gXH4kFFojv+tsnu2hp3La6mvKI6JcWJ3Qh2N+Ge6qkTr4LJ1J/J09WrSl27WOIMN5Uap9+AF1NTXaMnBW8QvziBaPRFG7XBbcOc7e2edr+6b0sRjOozsO3KBOF7aZanrlFcoZvEDbpRLVuK5qqjI2pzlniwlxvhVscSA4ejb674qG8XF/RZtVkYCVt7VLt7aDuO4Fl4e2gz6qfW4lUl3khudarrnEhhEMpEqgYVUWBYugikLSBasyirY5Yh/ZhH/V6SRcFGtVa0bEq1f7IMUfeTEMuy/EpcPjJF5/mU6dXynNKI7DIMrxeryilKu/1KVXVwetTyZaKoU04YFYNHfYcE91fP20a+h2Y6MaY/6sfLQTO6UnlGeYrlM5fydJDfY/nKO8ynvA1+E/xWkN8A/wn8Ovg18KvgV8APg3eDHwI/yHxMq7zLBgJVgKZHNQC3Aq8DOrYQNXFmQnnO7MpjrBhoAFYClwM6xO5G3q2okTO3cu72MAcfhwldL8U5UpwtRZsUZ0mxToq1UqyR4kwpzpDidClWS7FKitOkaJVipRQrpFgmxVIplkixWIpFUrRIsVCKBVLMl6JZinlSNEnRKEWDFPVSzJWiTopaKeZIMVuKWVLMlGKGFNOlqJGiWoppUkyVwidFlRSVUkyRokKKyVJMkmKiFBOkGC9FuRTjpCiTYqwUY6QolaJEimIpiqQolGK0FF4pCqQYJcVIKUZIMVyKYVIMlSJfiiFSDJZikBQDpciTIleKAVL0lyJHin5S9JUiW4osKfpI0VuKTCl6SZEhRboUaVJ4pEiVIkUKtxQuKZKlSJIiUQqnFAlSxEvhkCJOilgpYqSwSxEtRZQUNimsUlikiJTCLEWEFCYpwqUIk8IohUEKvRQ6KbRSaKRQpOBSsKDg3VJ0SXFUiiNSHJbikBTfS3FQiu+k+FaKb6T4WoqvpPinFF9KcUCKL6T4XIr9UnwmxadS/EOKT6T4WIq/S/E3KT6S4kMp/irFX6TYJ8VeKT6Q4n0p3pPiz1K8K8U7UrwtxVtSvCnFG1L8SYrXpXhNileleEWKl6V4SYoXpXhBij1SPC/Fc1I8K8UzUjwtxVNSPCnFE1I8LsVjUjwqxSNSPCzFbikekuJBKR6QYpcUO6XolGKHFPdLcZ8U26XYJkVAig4p/FLcK8U9UtwtxV1SbJXiTin+KMUfpLhDituluE2KW6X4vRS3SHGzFFukuEmKG6W4QYrrpbhOimuluEaKq6W4SoorpbhCisuluEyK30lxqRSXSHGxFBdJsVmKC6W4QIp2Kc6X4jwpNkmxUYoNUshrD5fXHi6vPVxee7i89nB57eHy2sPltYfLaw+X1x4urz1cXnu4vPZwee3h8trD5bWHy2sPl9cevlwKef/h8v7D5f2Hy/sPl/cfLu8/XN5/uLz/cHn/4fL+w+X9h8v7D5f3Hy7vP1zef7i8/3B5/+Hy/sPl/YfL+w+X9x8u7z9c3n+4vP9wef/h8v7D5f2Hy/sPl/cfLu8/XN5/uLz/cHnt4fLaw+W1h8vbDpe3HS5vO1zedri87XB52+HytsPlbYfL2w4v2iZEp3JuIHmUC3fmQHIM6BxKnR1IHgZqo9RZROsCyRGgtZRaQ3Qm0RlEpweSRoNWB5KKQKuITiNqpbyVlFpBtJycywJJhaClREuIFlPIIqIWooWBxBLQAqL5RM1E84iaAonFoEZKNRDVE80lqiOqJZpDNJvKzaLUTKIZRNOJaoiqiaYRTSXyEVURVRJNIaogmkw0iWgi0QSi8UTlROMCzjJQGdHYgHMcaAxRacBZDioJOMeDiomKiAopbzSV8xIVULlRRCOJRlDkcKJhVHwoUT7REKLBRIOosoFEeVRLLtEAov5UWQ5RPyrXlyibKIuoD1FvokyiXlR1BlE61ZlG5CFKpapTiNxUzkWUTJRElEjkJEoIJEwExRM5AgmTQHFEseSMIbKTM5ooishGeVYiCzkjicxEEZRnIgonCqM8I5GBSB+InwzSBeIrQFoiDTkVSnEiphLvJupSQ/hRSh0hOkx0iPK+p9RBou+IviX6JuCoAn0dcFSCvqLUP4m+JDpAeV9Q6nOi/USfUd6nRP8g5ydEHxP9nehvFPIRpT6k1F8p9ReifUR7Ke8DovfJ+R7Rn4neJXqHQt6m1FtEbwbipoHeCMRNBf2J6HVyvkb0KtErRC9TyEtEL5LzBaI9RM8TPUchzxI9Q86niZ4iepLoCaLHKfIxSj1K9AjRw5S3m+ghcj5I9ADRLqKdRJ0UuYNS9xPdR7SdaFsgtgAUCMTOAHUQ+YnuJbqH6G6iu4i2Et0ZiMV5zf9ItfyB6A7Ku53oNqJbiX5PdAvRzURbiG6iym6kWm4gup7yriO6lugaoqupwFWUupLoCqLLKe8yquV3RJdS3iVEFxNdRLSZ6EKKvIBS7UTnE51HtIloYyCmDrQhEDMXdC7R+kBME+gcorMDMT5QWyAGhzE/KxAzGLSOaC0VX0PlziQ6IxDTADqdiq8mWkV0GlEr0UqiFVT1ciq+jGhpIKYetIQqW0yRi4haiBYSLSCaT+WaieZRy5qoeCNRA0XWE80lqiOqJZpDNJs6PYtaNpNoBnV6OlVdQw+qJppGzZ1KD/JRLVVElURTiCoCdi9ocsAunjApYBfLe2LAvh40IWDvCxpPIeVE4wJ23At4GaXGEo0hZ2nAvg5UErBvAhUH7GeBigL2NlBhIKoUNJrIS1RANCoQhfc7H0mpEQFbDWg40bCATSyNoUT5AdsY0JCArRo0OGCbDhpEeQOJ8gK2bFAuRQ4I2ETH+gdsYm/mEPWj4n3pCdlEWVRZH6LeVFkmUS+iDKL0gE2MUhqRh+pMpTpTqDI31eIiSqZySUSJRE6iBKL4gHUWyBGwzgbFBaxzQLFEMUR2omiiKCpgowJWclqIIonMRBEUaaLIcHKGERmJDER6itRRpJacGiKFiBMxb7dlrkugy1LvOmppcB2BPgwcAr6H7yB83wHfAt8AX8P/FfBP5H2J9AHgC+BzYD/8nwGfIu8fSH8CfAz8Hfhb5DzXR5HNrg+BvwJ/AfbBtxf8AfA+8B7Sfwa/C7wDvA28ZV7oetM8wPUG+E/mFtfr5gzXa8Cr0K+Ys1wvAy8BLyL/Bfj2mBe5nod+DvpZ6GfMC1xPm+e7njI3u540z3M9gbKPo77HgEcBb/cj+HwY2A08FLHM9WDEctcDEStcuyJWunYCncAO+O8H7kPeduRtgy8AdAB+4F7T6a57TGe47jatcd1lWuvaalrnuhP4I/AH4A7gduA2U1/XreDfA7egzM3gLaaFrpugb4S+Abge+jrUdS3qugZ1XQ3fVcCVwBXA5cBlwO9Q7lLUd0n4RNfF4ZNcF4XPc20Ov811Yfgdrg2adNe5mnzXep7vOsfX5jt7a5vvLN9a37qta32mtdy01rm2fO2Za7eufXetN0ofvsZ3hu/MrWf4Tvet8q3eusq3S9nImpQN3hG+07a2+rSt9taVrZqvW/nWVl7cyvu3coW1WlvdrZqIlb7lvhVbl/vY8snL25b7l2uH+5fvXa6w5Ty8s/uRbcudyaVg75rlZmvpMt8S39KtS3yLmxb5FqCB8/Pn+Zq3zvM15Tf4Grc2+Orz5/rq8mt9c/Jn+WZvneWbmT/dN2PrdF9NfrVvGuKn5lf5fFurfJX5Fb4pWyt8k/In+ibCPyG/3Dd+a7lvXP5YX9nWsb4x+aW+EnSeJVoT3Ykaq2jAxES0hDl5YX+n17nXecCpZU6/8xGnJsqS4EpQelviedGkeL4k/qz4i+M1FsdLDsXr6J1daol7Ke6DuC/itNHeuN79SlmsNdYdq4kRfYudUFWqckEx8YBBal9dsZ6MUksMt8S4YpSSL2L4Rqbhbs7FLzq6ucaImO08xlWqeYiLX7PTMc4vYVVZ5Z1GNqXcb5w8w8/P86dXik9vxXS//jw/802fUd3B+UU16u8k+O3il0rU9IbNm1lSYbk/qbI6oNmyJamwptzfJrTXq+puoRlCarJmr2hdkVXtHclse20HbJqYh60vWRWLhVss3RbFa0HjLZGuSEV8dEdqvJEDhpRazC6zIj66zZpYrxke0b9eEZOrSi0ml0nxFZgmmRSvqaCo1Gvq27/0B/3cJvpJT85aORsfs1eszFK/karhrSKZJbzie8VKpMVXq5pmWT9pFAaaswK2UjpX/nSp/3bjv3YDfvtGv8kzuls5lzUo64FzgLOBNuAsYB2wFlgDnAmcAZwOrAZWAacBrcBKYAWwDFgKLAEWA4uAFmAhsACYDzQD84AmoBFoAOqBuUAdUAvMAWYDs4CZwAxgOlADVAPTgKmAD6gCKoEpQAUwGZgETAQmAOOBcmAcUAaMBcYApUAJUAwUAYXAaMALFACjgJHACGA4MAwYCuQDQ4DBwCBgIJAH5AIDgP5ADtAP6AtkA1lAH6A3kAn0AjKAdCAN8ACpQArgBlxAMpAEJAJOIAGIBxxAHBALxAB2IBqIAmyAFbAAkYAZiABMQDgQBhgBA6AHdIB2dDc+NYACcICxBg4f7wKOAkeAw8Ah4HvgIPAd8C3wDfA18BXwT+BL4ADwBfA5sB/4DPgU+AfwCfAx8Hfgb8BHwIfAX4G/APuAvcAHwPvAe8CfgXeBd4C3gbeAN4E3gD8BrwOvAa8CrwAvAy8BLwIvAHuA54HngGeBZ4CngaeAJ4EngMeBx4BHgUeAh4HdwEPAg8ADwC5gJ9AJ7ADuB+4DtgPbgADQAfiBe4F7gLuBu4CtwJ3AH4E/AHcAtwO3AbcCvwduAW4GtgA3ATcCNwDXA9cB1wLXAFcDVwFXAlcAlwOXAb8DLgUuAS4GLgI2AxcCFwDtwPnAecAmYCOwgTWMbuPY/xz7n2P/c+x/jv3Psf859j/H/ufY/xz7n2P/c+x/jv3Psf859j/H/ufY/xz7ny8HcAZwnAEcZwDHGcBxBnCcARxnAMcZwHEGcJwBHGcAxxnAcQZwnAEcZwDHGcBxBnCcARxnAMcZwHEGcJwBHGcAxxnAcQZwnAEcZwDHGcBxBnCcARxnAMcZwLH/OfY/x/7n2Psce59j73PsfY69z7H3OfY+x97n2Psce//XPod/41bzazfgN25sxYrjLmbCHHPEXwQy3MhY12Un/E2SyWwBW8Ha8LWRbWaXsYfZu2wuWw91DdvCbmd/ZH72KHuWvflv//WZU1jX6bpFLEKzg+lZNGPdh7r3d90OdOoij/NchlS01n3M023t/vwk3+ddl3Vbuzr1USxcLWtWXoX3K360+xBeuUh3DxZpZRO0RS3xpeHGrnu77jhpDCrYdDaDzWSzWC2rQ/8bWDObj5FZyFrYIrZYTS1G3jx8NiE1B1E4XlR9LGoJW6r+TZ+VrJWdhq+l0CuCKZG3TE23slX4Ws1OZ2ewM9katjb4uUr1rEHOGWp6NbCOnYWZOZudoyrJ5FnPzmUbMGub2Hns/J9Mnd+j2tkF7ELM80Xs4h/Vm09IXYKvS9nvsB4uZ1ewK9nVWBfXsetP8l6l+q9lN7KbsGZE3hXw3KQqkfsge4rdx+5h97L71bGsx6jRiMhxaVLHcCnGYA16uP64FtP4reoZrXXou+hbe7Cnq+E/57gSpwXHUUSuRyTVQvMgall70khcgj6QPtYjSl2h9v+Y9/hR+SmvHI/rjxuZ69SUUCd7f0xfyW7ADrwZn2JUhboFmtRNqj7ef2NP7BY1/Xt2K7sNc3GHqiST53boO9gfsLfvZFvZXfg6po9XxPewu9WZ87MOFmDb2HbM5P1sB+tU/T+Vdyr/tqA/0OPZyXaxB7BCdrNHcNI8hi/peQi+h4PeJ1QfpR9jjyMtoij1FHsaJ9Rz7Hm2h73EnkTqRfXzGaReZq+y19ib3Az1CvsEn0fZy7oPWSQbjR//d2Gcr2ezf+5vSf7vTJfAYtiW7oPdq7oPasayJl6FC+RdmKXt7EL8xL74WCR3sXDtX5idbe/+VjMTnHn0HV1z1y3dXzAdTs0VmldxymmYgQ1lE9hEdpV/Q1b1g8yMW0osG8bvuy+muNjY17AbNxCFuXGHMTLOi7wWrWLekZBQ4NkxSL9ZYyvr5H23Fxg243ZecPT9oy/mHH1/f9TQnP0857197++zfvmibWhO3r7X9w3o7/TaE8w7WlB0kGdHyyCNfnOLxlYgynvDWgq8imFzCypxFGQlvJj1Yk7Wi1moJqv/gBpuS7GpsEcqBoNd70ntpwzqlTE4Ly93lDJoYIYnNVJRfQMHDxmlyctNVjR26RmliDTXvHpkumbSUb2yzlMwNU+XnGCxm/U6JdER1XdEurVyRvqIfkkGjUGv0RkNmUMKU8tbSlLfMdiSYmKToozGqKTYmCSb4ei7ushD/9RFHi7Sthy+XKMfPrMgTXN1uFHR6vWdyY74PsNTyqZaoq1aU7TVFms0RNkiMotnHt0YkyjqSIyJobqOTmCc3dV9SJ+F0R/B3hCj7rXWjlo6SjH37x+XkxPez+FI6Oz+eJuVTwAf2GYJslnlb7dFqPzxNpNgxeZNThsQERHuQHi41SI+EBgejqhwB0LCd+HHLtb9iDceCZY2uMLkiDPnOAb007syK1y+KJ/OxwpgUXFDbXkFPOf1rH3qOz7XlmftUbahI3Py8mx5A/rPwjSesg7HsUowaelyCmweHqkRqhf32HqcA8XsJStxPI9jyoSM0WcZ7a74uJRoo9KVpzHFJNljku0mpWsMN9rd8Q53tCHb2ezun+YI46t0fKMpwZURv8jijI5IMEYYdDpDhFE77/DlhnCDRmsI12OKrunx394nLSIh03lkmub25D7xprDopBiaA+06nY2NZLeLOdjWy2KxB4ddZUuQzSofEMNuDw67XR325PB+/XLFsOc6LOIDgbnWCKEQkitCrCw5f0p4P0svbXxqRbxPX8VojMQw/2CUc/LEHok8qYAjWEKOKQ1lRkYvT2xszCkGNFkTl5eRAQct/RjtOnNMgnlIQi+PJ6ar2T06UVEUY7TL4XBFGbMTpiT1ciXZ+LCkwbkDHFzhyImPdUcZx9ixaE1Jub2UvUPXDh975bgjXxnMYjTNBu2dmanhcb1dR58ZWF87K2fS1knKbkNEmFYbFmHAqI7p3q+p16WwMp4pRnUnG9398XaLlY8fHVzCKluDHKGyOqajO5Vsb1auN9rOx+d6bXxCWm5aboTTIco6xZJ2Wq3iA0WcYoCdu5QBYl1vc2JZiz+gjA+ynfh+iw0/X0X0e4D3YkNYOM/wmmzuIXyI1xTBx9vEn36GCzXENsQWO6KTR9w32qnrXRnbyXt36Kaygv0FUUOH7rcNHZqTk5U1y7rful9sDRjNVhRlUALz1jGkn/hvUi228E6esaNFrbW3qHZHi1qvTlQcaEHNOOBE1VnBqsUBR7OolccVnWv99MG0PiY4y+Kgi7En6zX1RatunjV6ybThcSatMcIYmTd52bj8WUVpuVPmL26ekjd8/qVVWdMmjIjWaxWN3mQw5RTPGjZ48sCE3MoFixdU5vGFMy6qz411pzrSXTjgDKmZnuQhk/OGTBw+IG9U1bJJFWdN7WuJd0WbbI7oqMTosERPUlL/wvTBE0fk5o2sXCb+jwOLug9o1mv7s0FsoZjlgIP16lRGecMjYg/nJBUkKUmpnTwKA96kHHQP6D9AGZDdyQd1GObjHfH6rP3qB8/Z9/oTGLn7k2IPtyTZ1ALhLbamAcrBlgEGER9oQQEM1xNZArQBtMed69qTBkYdOPX8X29MGFg2a0hL4KzSMW3bWnKmjRueEIZjwWDKKJjlLV1RkZ0zdVXZyGkjM816o05zdVJKQkpi9Jjznz3n7D0XjbMmpiR4UqISbEZXWvKQeVfOmntlQ16yJ1lvSxT/N4abGdMcwU8NUczFRtE7M1oZivdtgmL3hoU5vo9scH6vmyeWkNpJ9dUXEen4viWyQef8vgVZYg30zLwnNUPdvylouWEgeuOxiY5ojpS1P7P5sD0tzc5t7Y+uL/Zn+ja1XHpJ08aabMV14Z6No5NSNLemJJWc+/C6KRfOG3bk8wGNV4m5Ee2LRPuyWbVoXUcCpsbutYe5o93RLCzhu4wMffxBc0Ovg3pqI72tXxDL0bovVzQ2OiPhuxaEmeMPtpgb9L0OtuiDbQ6+ktWTKOW4dqszkWI7SaIZBpP+6N9FH5Qog8mgRdrQVcvnGUxGjcYIfQ2/AytUW4zRNlB/DFZnVFS8xdi1x2BNiLbFWw1dtxms8WrPug/xcm0G7j9pdLYwxb493Nqoa8a5iqFG27epKRyaJ7yD5GHIy9V3SYrdGGZ3O+LddmOcbJXmKz0pPevuZjY8aaZug5KB+yVjeiXDFhxZ5W0838EG0vOj8XxmMDfaO3lkh1YdToyk2g5zo1Z4Ay1aGjq1PfrgoAWbow6S8rbV0uWypxntKWqL+BLxyipJS8Fw7JFtOnK2weakEdA1Ym7z2QLRgu3ZMX17OTp5tzcs1ZwT3rdv6sBwkbKx1EENfWNNmqSMhqRma7M6QMfePLlReJ3jDMJ04xQSM245OVy+zU9+l+v1P/suj43RNRqi3XHx7iiD0nWB1pOJG1CYpusaxRDljo93RRkyHC2u7BS8yHtreW5EfErvxKb4tGMzserIuRERGn2YXrPmyPk93qdT3eIlfnSg8kxynwSTOzW4IjQHMCPD2Xh1radEiV9OStT27+TPe80scXCjqU+cuyGuWTNPffUODQ5AcKGbjs93BAOCM4VtSe9Zu5ipH/Q2OjY2Lq+f5thkag6kJqxwZVi7Ps6c1IvjXWqwJcY6kkRv19icdpuxK8vXW+EwfVRinCPJpi9MdbtSFFP5teNTx5WPSz26+/i+Gi0Oa1daxc1TMn2+qZn8G5zzWnHYixOoqftzbbE2l0WzXmys6PfDzK4Mx0JNxmc4i+eWgKXJ08ktHbr5JxxDHf+PvS+Bb+M685sDg/u+DwIY8ABAggRIEDwgUiQoUiR4iRJ1WrIkgyQkQR6eAEVLVpRYjp2rcdaOZceJk91stzl+TWIrkmwldpr0V+Xa/JTErZNuG9uJ213bcUon2W0cezei+r33ZgCQEh3Hu93dpvRnDd68eef/+953vDcgDC7IvSgYjnDoMdij3GpdVOY0Y1VUplhlfT3vfvrUqSfv7NzynqdPLV46nfpyYOiOfftODlfxw/B5aiTA+M7+4P5tfe/7y3vPXP2TbX33fusj+z4qdKZmP7rjwEPTHVvmziHtCRw7DhLspSLUNsyzoPwpxkqZYPCdwDJT6Dccp6153TalRUIraqdnXxQ5ZuBCvxGggK3mdQEXAa4VAwWsTVexKhC3O3ysIhEMBYOSXj2emPxI9kFJEQSdtK6qj990IFV5YUuXLWZ/4FMdg00u5m92nj0QW7m/nCVyhbZ5W3YoPWHiuJVpf9swJc7nUZhPM5WipohWUDO2i03GiCmBXhwNdpiQ+jVUREwvdXQ4kq8jaSPrEc8tCbyJP/siCN6PsaEwRzpMLwlQkk++LohlkWTiSSbLVmMoFGVvmC1RvwpwAh12O1tmTB5V2moqPAGbmt1jqG7sSRyV5g/WxX3bPQcavS0jTZ6GmoDxFrXif9kah1Pn7uvaFndZFLAMWZVe87d1fTH3ylgRj+8FvMH+oz2JPVvjRk2gMRX+udvFvFDVGXGtfMkVQ9/zH7z+GvM7kNJh6r0Ely2M+VIwEUzoveg9WUoPi1SXUiW73vT2cpEjoLhMT/CWRgtjAY2mw6KLnQWA5tqzWAaw04XlOInr6oRkpOtNAVe3oPoXBAuHKkuCfYW4WlfK5Fv+dr0s5ncdR+7b2Xx4pMWo4BgGLJamoT/T2TDS5o/07z+4f6AucevpdN14b5MeP1cpVLWbx5tDqXpn/cD+Q/sH6unQUGGs3uypMGqMNqPVa1V5q7z22o5g7eZYTV3z1kxPKjdUa7S7DOBpGS3gb7i9bltNszfSFQ2F432HkIarAPnqkqG/FbQJrxZKBuJ0wW6QGcG6XPBMqfEqidOxK7/+JiDzZZkHPbgo4CdoccTx3MHylEQlIC1zbKS7DPqVF1XmgMvttypXXpRMM/MK4jX7k5rA784WuX5GaQLr7DEpkDmC0f3p9dfY10D/RqgU8YR4xgJ6yM5YL6mDWWPWU1JC3ZISuoQecJ5y/dNdrn9K5lHUPGU69rXNM5+aOPzo7CYQX6cbYsWqrYeTyUN9AaWFd3r9FgX98cLDufbm7Ll3M3OS8bz2aCbbV1nZN7mPmS0aeZraD5EKz34XfNjvYGQrcPRgxNHDz1CkAp+vXERBc0gMC0NiNA6fr6HQJSSGLvD5KqoAjpYmpYvpab3rZX9KrUv7qy/TzEXLEPuLJvSqiEqXRo6w/LxqFMl2ZBlf6NhBEkZcQVEgdhb9rpcF0oAFtfCkYBlqYn8hoEYuoUZUqJUvC9AMFnLsH4t+mbxMh4NMy4lIy1e5xzzDKVydw/timYeyLT3zj9wS2dHX4lTJGbPOEOrcvWnp3YHUwc7knu6IFsXTf25ymXSuGq85deeFxXu+fqrD6K506i1Oc8gfCAee/NLeu/dFqiNVSouXoMp9nZulzlDPYQ+FWsqNseird+m2MT2szTdTmubNzWNAS9bgfgSYfal7fGycaZxKTTHjU+NTh/e+PHQ6fRhmmFItjDY7l/Wb0xWXadmlhtHeZWU/NmjdzctxfMVR1MGDOJjA6gHF03Hjt8BgXDFh18ZtGPePM9SUcYrRsrj903tfFqCHBdyFToA+NjuXBeilAXWTUgkNo8reZQG6wraxuzkSx1fc1+FDBw8iaYUYW5JKG74il8FktUsg26RYxYT8e1S0uaVkUWU354xtFf/sTJvdGj1wdufOd41HXlJCjG0yvtTW76iusCk5pZxV6CtCcc/AZMq3ZDDLVDrFkqthS214S9Tla1RxjFmrq2nfkVzDzHLWp4T7xmwR9qKnL7Jldjwa3XPX7kMKk9tSza/45g+r1CpO7zT7KnU6jaJmOD9B/z1fDVpKMdS5t81TEe+va98R15tdppDfV+0vFwNrucC892t3tMuRpbwN1tuj3DQVpJLU03jXy9/dQWs8SRTcJ9F+VRJF+Em0h5VEEX7yKfpNUCYxshpj4iKMiYswJu4fxMRFGLvMqFNqS6Bfkwx5ZPo69NKkcygBHL2gH+VGkJYEi4s9YLLcpB2YJN7UUksVnajmRcE5pEd1Lwq4MlKkYILX+MMt8nJuOUpqKhgs95za2EfBF7SifcCBRw5M/pu94fjE/YfH7k4prH5w+c2qz/S+q697X5vLltjTE9ic6g+5lFqkprTKpdE9o3efnyg89d6Brb2MRtqDubZ1597OidOpvrPZzea63iZA9yCg+wj7l6CJE9SrGN26WGt362wra+EBPQsPkFksgXq0f1KP0K1HsNcb0fYKaJM3L/VF/iLCRADUS1AykpCJSlAm6jp8r8GfZD9HhvAOBOq//R7Zn8iYb8joH8pomawi9lxwyPnqbfo5PaNXvVoxKhpx5OscnF9YFsGPPx8hSg95NRHMgEpZ/beFE7iNYOw5ITikd74qUHqjnjGw+grVq0IF0XawAEkgejAiWbZ1VxDch1oxLxTsIyHXtS/7+ud2pKYGY1owASzDKjSte+ZTs59d2NQ5/2eTx8/d1vAZ9uTS5lu7KhmGCQWG79gTtbltCr3LrLMYtBqX09J16vKpwlfu2tqX/8Q+y9kHoyPZNiTb90C8uIOLQWQaoD6L0H+yu2qsaraKtYs7iHZx4xbfW/Dnz5A020VptotSbH+KmacqKBvZK7OJtWziU/j8FQbfdpl+4wm1PwU10cvaF13GQSziP16OiAiL0o2xPe9ChS4JpBTI8rciNw2PLUgpgbJqBWmmu5Rmsu0KsRySUqWlvmNTBP1zKTUoFgE/4b0KEpUo6MZNdbVJ+AcW4BHAoot9uixKp9+AKJ0MUIrSxYHcPEq/oeuyHpUaFfijGiUl9cTNQ087COaOMcesg6XEnUZKRI8S0aMk9KjLeET90ogknC7grHcwLK69GJ7hUXE/hJW4nfbhdegxG6FzC1pzQSPacgw50XVunO63iCO0iCO0iHujFlEqLKJjYYEBp3w+OyR9vjjZ28e7/HiDH69hcH/ffHI72jfd3hUSmy3zT361xn/BAIWeot+g4pQRfInhoWpsDXuGuvob2gcbRlwjGB0SEpMQEstTUjwfMMHCFXMAOvyGp+f8MPie8ovC8FAPbk0vrG7OKbVHIs4yiLElVJjeIkOyta2tOPwmBz027ofAE+CFRWmt74sm81uRH+gIWBT2+t5ostAncQyF3HavUTHykcH2W/oajQ07hgeq954Y9BdZyFSBG1m9b/e1D62fU5K+pd1j7lhPuKmvzrL5yAdGQAMgb/IF4DqKyb+L+V7RXUuHzXStiQ7q6KCWDirpoIKuY+lahvaJxswncsQnalufqG19Iud8SMn6YmpabUUHDVZkG61In1vN6DgCsd/6VUaN9sGfNFCjcyB+LvSNAMMQxPfMeW5UDP8PirySXE1gmfQf2RSgLwqGIbQpwIBTPvq2NwXYFzblv7gw++9mWpP5L+Ths+1Lnq7jY4O5voCn+/hY+ngfT//NzFfuHd5y5uICfA7B5+nBsxPJxOGzo0NnM8nEobNIfz6y8iD7I0CvjtpMnUfoXYKFGWhVi4KqFgVaLa1gtYiPGi0Mhy2CIIkgSCL4vCCCgIkg7FSUTd3aEpBxEDByTwSHPIPGsSQkRWi6sUsgncaQkxjiEDxJqgVRPXAJSU0OVS0C1I09gjKUQjeRVyKoEm4Kkx17iOyPmicfOBTu60lVl4mo1eYxK2pHRnc0THxwb/hLtuY9Kb4L3IG+U71dt7S56Z+fePruAWNlomqlS9I3sp+rSLymOlnXVWsbee9ji1vvmuq01PY2rXx8577OqdNEIzGfBXSbqXuxTz7XQgcNIqQGEUmDBK1BxNyAoDVTKTBWFFIrFMKYcgPiNSlVZChosPGDNqQisIKA+FM6G8HwnY/ggmqhVNIprv0ywAgk64AmZz7LyFVKpcNbbXM1tmyqWruYa3o2Jb26QLVXK2NpdsLuM6lUKqU1OtJ27fEbl+zdrX0hA6tUq1V6tJO64/oy833AZJA24tWqjQ13D48Nv3v4sWGu7KjqdfGICq/SHhQgWtYcYeGjK/q5lJ+cV+GTKqSgxeMqdFKFVq3nq+hPPaNTJ7ihtCnI16JDqCC01619TMtoo8+3qX9h2m66zTRnYsmx1E/Q2dGQ/RUirMUDKfE46iBY+fLjqDKLn6ppiz4vmNS/ECiT0cSbWD0rHkn9BJ9HDXH2VyQxLh5GIc/qnZxHMd9vPnR2W+PerY12tQydN0W697TX9cU9odT23TtSodrxO8er05tqbQqWZRVquaqydTBWl6q1hVPju3emQrR+qwBS4nBZq/0Wt1Hh4T3mqtaaYCLsr4x07elsyQzWa802o9ZgN6LzALvLbqlqrAi1hPnKus5dFOEmNw1R5wPU35H90Hb6OSpL3QqY91Bz9M8uVtda7rwHRZ+bDC7DdE+2x2IwWHqystG7qNE70/7lxf72W4/3D/9ifPv4beNz42x0PDq+t/m7weNDe1/pH73HsOxKfwDCARy5g0YtDz6NyyZiI0GNXAGFEIP/zEkSh76ANi6NeGMvcWd60b8skI7Gh4Ez48Zxfhw4g/s63vxdAXrr3/uKAP25DMuCK61CXUphfveaKDRiIpa0POy/aazJrOWX7S35a3f8vtCWm2YgNvGHY/aBqZTvToOZU+qUp1xRiD17G91VXiWLNsMqW4bKmfzWItKw/fYuV8RsdzTeeveu8dO76l5S6lQys+Hl1rS9psKqkCvlsgMmu0mjMajkEItuY/TlsWhTf21qqIL33UQ6Nr21bG3KbA3K5c50cMvsjlUBsPqgGACDdAWu/5KZln2R2kR9AOvPWspU1SDqhAZRVzSIuqJBtOwNol5tQGpU69A1LFelvbplR7oJiZGCiNFVpDibxTj06hW8+QNNLwtQ1pFy6JYFR1rRhIVAIQqB23i1e9VZaDnP34przLTSyNdGHf1TKe8ZwrN3SY7sy2hzAdBuG3BUV1iVnIqTHfBWGvWrsf6xdMz/47UYXb+OMGJ/ycWYIP05iNkVTA3zKfQKEs5/DrDroY7hk+JYjxF53xGfL2JA61HLtkR60sbIckdL2oqC9ZpRFQnWr8Iqo2Px51+EWA/WUgyBo4OiLZFloSPVkq6x4vgcl8fxufsqLBGkv+Llb0YEft+mjAQa+zmfXYnPrSzKlVgZFOvjxj7pcf/u4aKtsZUQMXsDpnXhE3GRPSP7K1BSnxFx0aO/RRDZtg+h4tdt0VUAUS2RXdS2dE+6o4NPN6aZ9D59ZLklbUYiUTN6a5kogU6KXzmYjKGA5kqsuWwvTITORZqh0sY0o2HTLfv0CEiA0SzCqLh1laCBvokbUbSN2lwlcGsQvVH1SIgGSlu5N5NI2TNKk68WaZFu30pPGeAQmBt84ZtDTn8dufjgBijxjphZ/3LrAKgIG6gIJLQBo14tol7GDJPVpNPp1mMHTUtvCq1cv7lky3diyb5IJJtjJMmW9wAHj1MXMAf9XWNYoI/Hj+uPHzx4XM96tqG/MrGlCcWbX67x7ES7i46p0fRIV7opHYnw7Y3tTPsY5VmuScsQK22icREZ2U20A1oB2KpgdiJenp/CTfmEUltUu7Ed2NpeM0bVeJaFmrRNhrlpk2xHiZfdxAV7u8siUH5c/fsXFp0tXzkm/zorp8RGptfrgLTLwVsVK7EyZpaEg42WL6y30EvlnFx/ZZY1gPj4INqXZJ+GQPiyuCuZoDUh5MeFkB8XUqIIGsfYISMOpuk3nyAesV/U/X5R98PnG9iHRgmk/P2SU+0XPUU/khCVpWEwpOFcgxAkc6XNSXI4LTpxz5YF156USqygr8Z7k6UtyeJ59ZodyTVnKK1tpb3JRxVmr83hNclHHxrdf+dIQGElfHDE0o1dd25VWP3gZJtVxcB4afe2zqMfmGAqJUf62v8eO9xbs283s1i+F9PHfJNxci6qkRoX3wiquUx/MGVQ2x72Vn7MMM8+Uh9+VFFA24Ho2KP4+k/K7rU9LHgNlR8TDPP17CNCvSL8qAAFy1/8obF4BW90QCEJMkj2BBgnuCWV+zvu/WBk+FiXNRIOOjRylpWrFQp1uDswMDI8FOkJahQK0C8JnVmndgYe+vBYfrharjGZ1HqzXmM1q2UBx22Z2w54q1QmJ8SlaZjVKbmJqqZaqP14XipXy1P0PlAADfQHUkaTf9qlYsOP2+fjn9AW2Ly4y0w4+eyLcXwCYcGF7OHHBfu8Nv4JARcUd5QJ/2jxrda3taHc2saccgVMdoM8luncciDp5nsOdzeNhxUGt9XqNsrfHx4IVyf8Bq0vHqwejDJ/rdXJ5Cp5T6wpNpbr7M+PRYJBOsopZSwrU3IrO6NRPtFbVd3fEoi0oFh8AOY8w3moGipKncYnY1EZ+qNqHpPJE7xM7005KI/lQb1eFb2fR9u1ztoH+HnVOWdBeptovvgCMLHcCAO/3vKgAHVk0fsFSkZ7WKjH1z4g8PNO1TnBWSi+XoQ82+J5fvnert22SghKO7vMjNuycr+5dktTsDseUKuV+spIUxt/7lxo6Pa+flAf75Nt7atKVFsYGeV2hTbX2TUGrcVd4dJrVdwD5/rnt9WF+w+1mvqHHeGEDyGQYb5HM9w/4N3cFIkn7PR/Rz+eQu+l1JSfdl90Gec4xO0XSu9WoE1W9xOCK4UfAX/d30ezsNwQ3raVbbP+hjO4bYhrcqPbanMbOF1lYzRQGW0MMH8NTJMhzjFOcH8ZBi5P1vl8tXV+H6w3gfke9XdyS/ku696LauM0HpW0yzpNBnLTUfwdZyTyIiefXKlDtoJDR9pwoUhP7KsgD/3UDJaG1ir010yinSa0DiqofpAIq1p/vmeeP5+c72ytjc/V5h15PI7y3cPYi0n4H8mCo0d/XuiZT/LnhdUV1uwPlp0IB9fsBq69R1CSvUG7tDXIvgoTs6AJJlr43rDc4LbYPAZFvKVyS600dVdVlSN+qGlwt9PTHIs5N21rspZQoNvTA7GGlXPr3TNOLfy3pTnaFqsIujTVm8fbQXa2wur5NKBlgfUjvh1oRT9+RPlAX6jUrocM81Uf4wpr3g40uB4C9cdVfUzgCm9z862V+XTt2EJ6bG6wMjSyuG1oZrDmw4aazdG6zWEr+ty2m/1t79x4Q2hkeqB3dkd97fD0YHigxVeRGKiv6094DyFJF+g3mE/CaINUGzVBvJhG9VMg5TYqBNrbStnqH6+cVzfG/DLOM2dcbD5Pho5fDZPey8FMtVfWPy6UF+Waz0uTwaUjb7FRZpf2dRXixq+NbJMxnwx0H9rsrq8LOySWcXq7sdLdnOlM7W9336fzx6tr0g3h/nB1s9/I/nZgfiyisnitK9c49N6KXMUxy0iggU9NjbGx2/tq+lr4SOJrDVF/opfINv0MzL+B6sfvgFe6KQNScVq3+kpovtJg883Z8qU9rl9fMePJ6kLqK0Lp+dvY2SICikVTRj8DhopTagw2k6GCr7KXS6OzLlhl0QfsCtCs/9nk1Cs4Oadxhr0rn1stdgP+sEMpU8r1DpjFFuab9DLMopt6P9EFSXrXJb6er9e6LtO7U15KW3f/z5p+1cQ0tT7gSnI18+r7v2H6oYkx2R/gCuVv2Rxc/ZpNqqap7n6BvMBb0/qAgOua1PfjTSVYYSbO/oDIY3Ish1+2OXjzPaTWlkTxVrbKggMiy9Xdt7TwHVG/Vs5yCpnaG26taeiq6xrsruWTO+K+5pBbw8ETTm6vjvnjkUj3UHcduxTZ0uDUGAxah01n0XJGs6EyVBFwOMKpllBnxK7S6tTwxKTldEZdrdtX5bTXdCGNVgV4PcZ9Gjy+PZjrVJU/hLhutBg0/tnQwy7Nw5bZyCMKskqv4pc6r/z6mz/C/orNP2sJPSy4LCmL5mHBMquIPCK6Kzg4j3SX+SsmUc+vCs3tpTgIyzz9mFxt9wUMt+3aptFotKNy0Y5/CO40H+Lr3EG5TM4xrNHu1CjlslsP0UGnt8L5Lg58ZBlc3uWs8DpXXmuKG2QaM5bpbzJnOCtY7+1YX6uqiMPipfel9KYqFVs755jjHy+6K4hrWBORN0HFAlr+8TJHBZW5iZ9S5mbaV3mZzBlXldmh4xqzzR07muxyo8dqdRnlbclAuhbZGwto4qJjEo8i3UmPyMmSla98Z2Aw1kAL0j36BTz2SXy+qqG0VFh693f+olzFatNU9wtXicG7qGJTcO/sdr9wVRqtdJxJ75COL1cek10VTytXzqO2ZTw9zN2zuu0l3PbUmran1ml7uD7ZXhdJtkdWLnE1bZHatnZo+wrF0Orrr9PPcYdAndZSNfhcg6vxjBr7Afjnv49efudqUvgeuQvPf79c6bPB4qnsmm8zfU2Bvk1UYVaYaKWtqsJTZVPqVa6w31/rVKmctX5/2KWiF6UTAvarWrOWk2tN2n9IBiIejcYTCQQaXBqNqwFZgOXry/RjssN4hO3EXtmZKYqnbEzyCY2xDsabo2CwxiuStXoCZaY86M0tN8ov1+tsYr1Bn1MYPDa7xyinTXJLdYWn0qJQqezV3oqgQ6VyBCu81XYV3YLeUGHhwlzXGtUcB47a73hvyKnROENeb9ilVrvCMOYPsUeYj3OL5ah6ggPGAUD1ahyj6knhe4Tq1fgqVCVbuibHbmPulhsdZrPTIHeorQGHM2BV0SvvW5XXGGTvlWClfyClVppW5xmNFGWkjlD7ZQdk2ygFZaAclJ8KUTGwsd3UADVG7aUOU0epWWqJejeN31tOzWw/JuwS2u843Xk6PFeoL/C3TVVPKdMj2hEq1SfrMzYmrAnhdGFqpC+R6BuZKpwWFBX7bnVWDC2c2HZiy6kz/Wfix2daZ9z7D/kOmcf32Pcwm7rkXeq6qD564szMoT1d0WjXnkMzZ04ogkcmKoNU7GrsqolsVZONhavxt77QqIb5D6mBlEn7OxtfKkg5Y+4/dIiYzVWVLYnmeEj8tIifDvFTeq5Yc7/2c+1zhX31fc2a9qX+2GcbE4nGB9Hlt81NzU3VKLXSFof/vtjc1NTMjKPrNTfKYO4ulr32pcZEPF5NNyUSTfS30cOVW9H1t6j0gyjFPgSXRrhb+a/NzU0/hRv6YUjsQa3dCRf6a/FYy7U0pM41NiYYXiy0ooDEK6jaf0s0JqKQuH6duo/5AftT7hWIJ75Boe86fJi5yryC7/8j3tfqB/uxifsltZX4+1+hOul9l6qbqpt0bggDUzpKZ2g2NDuS5zvdXO1l5t4LDtEpLJ5PgROxjJ2IZews4eK1yfOCWOES5yi6hsXDp+IiDYaiLMISvbhNvAYG55B167CD+USFUESM352DYsymusFsR+fBCr1ZxTo0bq3GH2r0dqQdwWZPdbqjumbL/lZPS7Rao1batQ6NtauhtcURildUD22qYS8kb9ns9xiVeqPd1GtSKIwGdUfCHfK5taZgy3BrYntrhdJgUavt1j49p/G2BN1BvwuetQ4BViKWVAd1G7a1DS70Bx+rGtXog6pquczccynq0LC+MEr58qZiXES+irEcNy6jlfIVquVmJcu/hVGKhljxC5VslaXcwSRfS2i2SF+oZH+qMLpsFo9e8XNaZbAbjHa9in6OphVGpw3ZX5+l38GDUf4u+18UZpvLPKS2aFXM/wT3C/6D+C917WkW+R0yuQzS/6mY/2O3DZowXftbRmd2G+Sc1qQDJEQpojZTuzASmmb0xy4hFnmK3k35qHbmnguGqKsSJnfBJYJAtkmW48+KENxQpuwbGXTxu4/sut99tODvPiZKXgnzigokImj2OJ2GZ4zVFlrGKPTgXIFb7TO1Wz02q+bThgq3y0RzCgjDjW5wSn6nNWk4hcnvpN/v7atP7AivHJC2Spi/ctrkepdl5ZkKMPsNzb1++gvgkrLIL131+71ahIAHX265pRHW1PWvKj7CNCp+Q7GUErkcsebGJjZgC/QzJ659UPGbI1Dn6/86iL6Lqf9DifX/s9Any2iZkGz/26KPrKGPr6KflIib5F4okbxzHfoLRIomkZ4tkbJKpLv+qUlVv5rUSaBXCGk++y9J2oYbaOIG+mKJdJ9bTfqBdeh1RIb3EDIeLZHpIULmcJESN9A3LOeAPr2WrPfYwv9I+qhdZ79PpJ8hctgcX3B8wck67wZ6yXXGteze+y9I97gvbNAG/ePJI1tFh/4V0eMbtEF/3FRx7Z2Sl/PqivRvN2iDNmiDNmiDNmg98oV9n9+gDdqgDdqgDdqgDfqjoic3aIM2aIM2aIM2aIM2aIM2aIM2aIM2aIM2aIM2aIM2aIM2aIP+COg7G7RB//8S/i5aA1MJVxYlGSPOYfG3PPX4DqUZSi97XEyzVLXsP4hpWVkZjnLK/oeYlpflK6gTsr8X00qqjjsjplUUrzgrptXMnxXLa6g9ij8X01qqTvGGmNbp5UppnHpqCMqI36ejlfawmKYphaNRTDOUwvkeMc1STuf7xLSsrAxHaZ1/KqblZfkKqsP578W0krLZY2JaRRmdL4lpNb29WF5DRZyvi2ktZXMFxLROwbpaxbSeqoEyLEXLVDA4MzcnpgnOJE1wJmmCM0nLysoQnElaXpZPcCZpgjNJE5xJmuBM0gRnkiY4k7RO7+STYprg/HmKp+JUI9VEtUNqFP+a8gI1S+Xh3xGqAHm9+FeoyW9RZyAnB6kZKgpPeigBiKfGIe8odQye5fFdFj6zUPoEXKegpI5KQ2oCcrLUEpQYg9ay0MYu6iRO8dQItHwS2l3EPQqQOopHwsO/Wfw7zgvFPvjimBupZkgFi3dtVD3uPwMtzEFZHvrNQD+ojUnqdrHsENwdg1z0dBHGly/OZxf+Nek8HsF64zmCceCpLXA/AU9QbgajsHqOpJ1ZcaY87mURnk7i+UroLkHdBZyzCKWmMGo85B/DeaPUIIwJoZPD9WYwrh24fhaXyFLT0CdCeQpfeXFEUlke5+cxT3MwFol7pXmg5wUYRQ5q5gGFXjybHJ5JrjiPDPybhhpkhGQ+GdwHL/I6By2iVjNQDrV1Eu6WIFXAfEC/Uz4BaQGPaQFjgeaLfgf9qIgUabWA50T6nMEzmsQjncG95DGfBjFXjkBOBv8O9wKeI48/CS9yeE4EizyWijy0mhHlFXFsTsyXepmGdgSMz5w4yhnImca9kjbzGKnSCFCPc3gu0u+0E2zJ2AUsNUgSjomSi0aFfpMc/dZ7Ad/NYF5Lck0wI70QPs6I85rF2E7gkqURl88IoXYHrkdmfTvcR/HaLedmCLc2jVs4iXFYFFdpOd6S9M2IkozmT/iygKVBktEs5jWS3LnibMgYj4pl8nB3Smy9ALMgHDpR5FIGywhaAdOr5iVpnkkYSQb3Pyn2H8Xa5SjmFXpyo77adMOs94iSI0l+K7QSB82xvqQXcJ9TWBJRL7cXeVBamTfqyaOiXM8VSyPJJRyfgfJZLDv/PPpWvaFx/5/RuCMwkkkqjFdZrficpwawVMzikRWAkL7aRMWApjC2qOb0DdITFWUuBumTWIaOYilCvDkJuRkYO8FYapW0KeAxoBEcwaMleo60dTMZzWM5n8NzJyhI9RBXb8F9EE1zEiNNkCkUuS2VlvTCpKi70SqvxxigcnOiVJTr6TmM64yoH0grWfE+I+rkLNYoOTxDMroJPA6Jy2s5VhBrEPlZuCHnSHEO9W9LExCrMIUxLYjWh6xP0m99sZ+1MyBadAnjNInX080wWxJnmsMrTcBriqz8G7FHdYhlCUP52lUSfPPWyRjeKbbl64NYd160zwXMuclVdnLtDEpWce24OspkAM2EzIV4C5KuXCh6HlPY9s5gPZJZd6ZE9jKrpIrog1nxSmZF0ot4vRD9NIXtWE7ULaQdVFLA2n99GSVafEbkTKl1aYXkyryKY1jf5USckVbXYX2ZFecgeRgSyquluh5zJoPTU5TkX63Vc2tXQniNXshiPb2EPYoc5j7iagbyEEJHoYT0LCa2eXiN7qwVV29JW5S8AWk0f4h1epvWgK9Y08aI1AbvLUrzccgjfJKkhngngmhFStL9VhZOksr1rRzi3PbiysmX+SKE30QKsmJfRGPPiHyvx3NeEK2P5FcQv+ioyGdJjolczYn+DulhFvvdGTxPSVIyVMnKr9Vn/xd4UUQog+eOcMuJun5KXKuToq89g8dabjNz2BvPY9kUx7g+byG9c7WdB27XlmE0VRYhlK+Ht90eVYpqpNI31271a7SbhP3a2gKOCnJr5i2Nq+SDlVZNyRJJPKynpOgMRWHSfbZMQuZw/CVgeTtWZmHJqCfwWLKipVos8rJclxAexkSO5/EqEYpjkNb1all6+6iWW3gyy3JLs1qmS0gsYRyn3yEfJWuwiKNLgky2bART+Ir6LOFyHEpMltmOwlvoY6L5p/AMJIu3aZUWJ97YCZy+mdc9g22EZGXK4zPJTtxMp6yulce6gvBqQpz3zW1uZh2OLhRnn8dSOoNbJ6voxsj3nUqAZN/S1Fb8dIzqh7u9YC3Hcc4g5PGgRcfhyR6464PcPsgJQYmd4vMQ5tRebIfSUG43tnGkjXG4boP7W7CO66d4fI/uhqH8NmgL1d1K7cN9bIXWduKS47jtUcgdgc+tYjlUoxdydsM9Sg9gLUj62wa1SAwxKNpEMtJdkM8XZ7h6VIO4R2lko3A3Du2nxac90PYgbg+NH/Xfj9PbiuPsF0fagzFCLaM2e2FEI/gO5e6Gz+1QbifuvwfPmYx2G55DPzwnc9mKR4B6jopzJeUQPnvEJ4hHaHwjQKVZ9WAM0ng0Jfx64XM7jBy1PwBPd2ELMQY1+/BMd2L0toqYodmO4LvSrAinevFsEKoIgz5Ij8K/gSJ24/hKxjJe1tpq7Pbi56VSZH494rUXIzeG7wg3evHdLswr9LRe5OU4nsfaXvdiSdyKS/XgGe8sSkg/ll4yekk6SR9jZSMh/SHelo9Fkmr+LdYIaUV6vlvk9I24INR7MCZoXDuLPa/XMqzNz/PxxqZ2fjQ3uTCbnz1S4HtnF+ZmFzKF3OxMlO8RBH48d/RYIc+PZ/PZhRPZqagunZ1YyC7xY3PZmV0n57L8SObk7GKBF2aP5ib5ydm5kwuoBo9abmzmg+ijrZ4fzwhzx/h0ZmZydvJ2yB2aPTbDpxen8qifXcdyeV4ob+fI7AK/JTch5CYzAi/2CGVmoVM+P7u4MJnl0XCXMgtZfnFmKrvAF45l+dHBXfxIbjI7k8928Plsls9OT2SnprJTvEBy+alsfnIhN4emh/uYyhYyOSEf7c0IuYmFHOojw0/PQoPQT2YmD60s5I7wRzLTOeEkv5QrHOPzixMFIcsvzEK/uZmjMCgoWshOQ82ZKQBgYSa7kI/ygwX+SDZTWFzI5vmFLMwiV4A+JvP1fH46A7hOZuYgjapMLwqF3Bw0ObM4nV2AkvlsATeQ5+cWZoEbaLTQuiDMLvHHAFw+Nz2XmSzwuRm+gLCGkUEVmOMM9DV7hJ/IHcUNk44K2TsKUDl3ezbKi9MM5fnpzMxJfnIRWErGjeCbAZAXMjCXhVweIZrNTPOLc6gbaPEo5ORzp6B4YRYmdAJNKcMDA6ZJX0h4Jo9lFmBg2YXo+P9p50rAodz+/7wzY1ZbDS0iIwoZvDOIVCIGU7asScXYJ8xojCy3ZUyylIquohWV1G1B2lNGVCq3pM1to0UlRLtS+Z/3HTR1u/f2e/7PfX7///N0Tsx7zvs9n/P9fs93ed85R2ER8dFc4aBdWQ9MbY3Yg4UvUBGyBBNMWGZfqV4k5IaGxXCFUYgc6JIOWmYE0Hgs0h0iAOLzeWFxJi7xIQbcOEOwinQnoUAgihSJYuOsTU1DBSFxJjEDI03AAFNRUqwgQsiNjUwy5QYDO0NIAWV0fAg3LlzABwoHVF8mi4uPjY3mAcNB7pnQ/QXxQGNJ9HhgQiLEWJFuRBEhYGlFYQx6KC8uFhiwbEFjhTxwNwSQhIFPLljGMGEMTyQCcMFJqFQD5ghUBexGIBy4CEdmYPxZdmAHofEhIgZijgvBWAYyZmACsD4JkbyQSDnOEsCkPH5IdDyw/S/cC/jAUgx4hjK3kCMHCH/HrcyLgK2DdY8TCXkhMoMcmAC1wwGsSagGDHhgFuATSCgRIp4TKkjgRwu4oV9rjytTFbAsIA5YPuQiXhQLokBoGCImQhMZFh37tUZBXAK2KyNHFoSH+kkkL5gnQuKTkjdgOVyAeAvCcr+qGfRgbhzgVcAfjBQDi2DQbwthfJMEXhQvNiyUxzURCCNMkZYpoAzsjymGYHlRs0B9AIH5fhD8XvBq7KdwQSiuImqeLwAyIaoBvhQNAhuq7q/DJKLKrwKlkpIHsjhxqPMAuYEKwsAoYNhAM6EMergQBD3ERYAjRgCZER0DXYEVBcPpgmAQ7PiIUrhooB6wsx+XAmGIGxcnCOFxEfsAfgZCFl/ElcVTXjTQjAGC+JW0dK/+SH3VEOUoFI2GsnX4Lh0aZ5FuOXNj9Jsbwv3A7WgesFPZ3AiWUJapwAyoEyESMpBYzgtHPsNQhcTGA4HiIlGHBdDB8YjzxiGd/VYCJDQFgseFISFaEMuTRdS/ZFXm8GBKmdP0axplIiFSEPM3MiJuEC/kA2bCUIBQAYihKC/zw0JEAwb2xY6B8YfyUMezlpk4CGMLw+QSLl8gQlxGFsx5/W4ss5T+W3GRSD4IDvvKc7lyggqR6eNEwJh4YIkGM8/fKQDxN2c23cvd0dvPzpNN53jRPTzdfTkObAe6vp0XaOsz6H4cb2d3H286oPC0c/P2p7s70u3c/OkzOG4ODDp7locn28uL7u5J57h6uHDYoI/jZu/i48Bxc6JPA+Pc3EFe5wBPBKDe7nRkwn4oDtsLAXNle9o7g6bdNI4Lx9ufQXfkeLshmI4A1I7uYefpzbH3cbHzpHv4eHq4e7HB9A4A1o3j5ugJZmG7st28Qcp1A310ti9o0L2c7Vxc0KnsfAD3nih/9u4e/p4cJ2dvurO7iwMbdE5jA87sprmwZVMBoexd7DiuDLqDnaudExsd5Q5QPFGyfu78nNloF5jPDvyz9+a4uyFi2Lu7eXuCJgNI6ek9ONSP48Vm0O08OV6IQhw93QE8ok4wwh0FAePc2DIURNX0r1YEkCBtHy/2F14c2HYuAMsLGSxPbKL0c1vg57bAf6Dbn9sC/962AAX9+bk18P9za0C2ej+3B35uD/zcHvi5PfBtNP+5RfD1FsGAdn5uE/zcJvi5TfB/bpsA+Kbsbw0wmL4RmDTM9wq2/0Q+BjIAn3PQk/1/VxxweYqKEKCBUn+UXkkJpW/5UXoVFYQeO/lH6VVVUfr8H6UfMgSlf/2j9DQaoAefGOQvFPAoPR78DAFLggGKVsLMw2hAqhh9SAPDgkZjpkJzMdMhAcYPAgEbWowRQJmYZCgLkw5lY9ZCGzFboEOY3bjpmIMAsRognP8G+3c5bHWAPQZgmwJsa4DtDLC9AHYQwOYD7CSAnQqwcwD2ZoBdArAPAuwqgIjgXP8aG9omhz0cYI8F2GYAeyrAdgPYswF2JMBOANgrAPZ6gF0MsMsB9kmAfRFg3wSIjwFC19fY2Bw57JEA2wBgWwJse4DtBbADAXYMwF4MsLMB9maAvQdgHwHYNQD7CsC+CxA7AcLbr7Fx6XLYowD2BIDtCLC9AHYowF4AsMUAOwdg7wTYFQC7BmA3AOy7ALsDYL/H5UHAISDa19j4jXLYWgDbGmDPANj+ADsKYCcB7JUAewvAPgiwTwPsqwD7PsDuAth9uOmQEsDWBtiGiD+RSBCJUlNTDMqGDSQCRCLV1u7YkZublUXCQyRCULbYlq6aHUTAQwSFWDEosSQFiEQkkRIzQEkkKEAEYmxGj1icSIIgEl6MEaNF1ugvBBJEoBw+nwlKPz0oCA6B2I1cdgMSHETAt8iowVSEWLEUVm0h4jFEvG23LSgwOhKhzo+UA8eIcTiIpFBYWEgiQyRqtbhavA3UXFAzQP17gQgygcgKEBkINCARciMouxuRVF4iMgSRByX6IZEQlZVJvxGJhMeQ8LZ/lkkeHhWKjAhFpkBkRSkoRbZFtmvRmgUqmQSRKdVFRTmZmcuXL0P5j81AGCZlxBIVICIBaYkzYikEiELC4/GirNTU1CwRkQARSYmpqR/F4kWy+fplE1MgiPJFODGRDBEVKzD1qA5ldWAsKIkU5PpoLbisPYpQ4yFiv6DoNaLWIFXVFjIeQ1boF9UWRgHQ8VkiCoSlKAwKK8bjIQohGxQKFaIoSYOkQUD0whx6Dn0FqKmgUkgQBRVYJjFFAaKgEgepDohM7BeZSoCoiMj/LDMVgqhyMv9vhEbmT0T13/3XQlMhLHVA6H6pqajUVCWIqiIdIR1RaFBokO2c7YxYxHLScpKERCVDVKpUXAhqNqgZ4lRQJaCmiFFBE1PFYlsYyJuaiJg60coBAXewUiRCimQsKNaOElAcrVFHsHJA1OBgJVvtAT2IQYZUlFeEmESFSMrHpGdR1Q9UEhEika0cEDgHKyrSOFqLNFBtoK7Vrw0xGiDAcoDFASYIlopga9uD6sPWCkWRSGRMKUJYRcLgrDKVKBIRlSgqQ4qqLZotmt2TGxhN0U3RdS719bVZ57JqFGsUFSmQomKLtFvaIG0CtR7Us6CeltZIq6Wo5JPDpdKWRE1lAqE+kUyEyCSkA5TwyUokSImCA2VSRA1SIiYhvgQGnD37WSoNnqyEhZTwUikGIx0o/T1yhawIkVXutDyBz35VUaecHI7Chk9WRFp3HqOtx3eQUYiXNrUMYBAAV4m1CJeKWYlUBWAKQUE9QbJihULV1PRzqITFKhG+TA9YUyBASqR6pGDkngmQZyJsaDQ/ov/aJE527Ytc2wm5wQy6nTCGz6DbJwmjGXSnMEEU+lsIfgvDwDWyA8egu3BF/P+MGuUBQvkAP1oF4FNNxpJWHizR+pVAHp/mnPZOCSJiCyVaqaBLjIUgJhUmExSMlHFYDQUMzCVQjAgQHpJYYiF8oRc8E2bI9WhuGy3WxExGqzv6rihAv71BvluwQSqsIweGV9uOW7znuvdB317tqvWTSktCZvrqLS6UjPCBJfgaWILbU4jDQlgszQyweDZRPAGK1+AJUYbPwkqD3EIKgK8ElE2cD55Aw/p4MWnwEKRBolH8uHGRPH6ESMBnqsLKSCeRRvQMC40R8EOZo2FNpIdCU//usRemDqyN3MfRRny5782LCTP2EnFjYuke9nbw6OFKzAnwRNiSaWlhZWE2GzSt5JpwSsW/wpkSTEXuU2l4V3cPT6Y+PFbWHM2358Ui2+EOXmw628vN2tGCZWVsZmlpaWxlZzmBORbWlUmk+V2JvGSHCmAJNEZew5ACBieBVDCgn4KVgCfXfVTdUbsuZBioTXhYEzmXkGoQb5c+dNfm3ebYoKJ9jocpSnuLryo5sp+WbtV8FTevT/DxcL7xurejdDPezqx4ssnP95PrxW0Wx1q5FyPUsMMdejLVnQqNKWswpRfTpdNDz1udup9l9KwmzeywkVSj7L3+RgIca9VcSasVX54elL/g4f0awZFsa6cHqtQ9wow5S/TslW/8VqJjnnFrb0J2632VRb8OT9NdNfLquQVni9+WeTAKZtfPLoPO5UpqoV51bFgH/9RwjHG6Qs6Keasss8gFp8Jb+DHXWwqn376XuzV58R/DwqXQeFN3/Q+zW3teaLUr499GsUerLZaGrr/dcKzP8dL8qjhtLA740XYJRAYaUYC1gEq1lPHD8GrXqt6yyjKYKo9H5r6wqWJ+CMCqkFEb0tLFj4CHidV0zXv+8HSMpXTa9i7srTAqq7GoUIG9EQJtvCs8A+YUOhWy0+z7zyGECKO/ObwSG8VDek37j4HEmQ4uI7KK6CICqzQBJPAsAgk4poICEYLwLvB02HmgDWPTJvdPkJCQ8L0JwoR/gyyCaQi/Y/GKMGUAEkf6xiFxiJXkB2DudG13XvnIY2JErp5UsOaUbfPEnQzXTMYufxsWZX79xznD8fmwe2Of4rbl98aexluT3rk9giru8e3D3FqmmLBjDeMb3XnuwxIrLv1i0zVyr2v5/niWp55CXnaT862nDr3Z3GH+834vN/JZV+A5p1oK6xOf33DRT6qoeTfdQmmk63bmmTtXNcas0ieb21pe2uqsuSJ+hf2WJkPvg7sso9W21iVGHxn5W3ridsvQU9Dajru2SwOHqHrnKsy+tbTCYMbQreaSlaYGQZaqLyI0rknibjezepvNtj+0tdCptAxgRQouNhk9hbghOXkZj591l2FL37+b87E5pcZ8ycGZd0dpd3h2fIAlBAiEsTa5MFbbltmTnOLR1oeGsVp5rVFBGFvyrwQLA3iczOm15e+HhtG9eBHoIRCwsMjpPyYazSxhKyaTBYNqLotmX5qw6F/hr/8+7i/u/2M0ylhxVK+GuGajOEn947igj8IMxofX2/My1jse2X4xMNPU2sxkdE7ih0W7tSXQoeSLGpW4C47tZza868VrvVxO6RvDL3oZMeWM/ohWA+03+Fy7kI6Hx9WzOmkbLe5ZxXoLJnXsY5NhTvWpNfAGxYsLz7+LWzcs4crKE7nnSMvpnaN3WbxYcLpFhJmxovFOTvuNxM+rPuwLyphy8pj2/uC8qjOp5dn7b5QaXfXutbj1+4K1j0f3dSyIuriUtFDUojrT+doLTJ2zy3aiRau/0qdFm+sez364/M2NjSraq3c+Sh1efeNCgRZ07pNzCW2tWZ6OM6vntN42zIFTXheW8Q0DUrqs+OJXJzpo1PaBaCQGGlkkCzdjkXAzmJldwGvQgKfi5MLVxRvBqZeDJj7rizg9p7HuxJ4jNbR82BO5PQQPYtEOJ5j9baYxh1lIU4FmxDKDYSbLKMQKNg+2COMam08MNjc2Z5lZGVuZTWAZh1pZMMO5LJaFeXjIVyHQmR/a6qFwVfLbcEvLMYdidl2Ix6776xD43QgliI1DoyAwF2DHwIqBASP2G4j8MoYtjWErNARy5UKgDwyeVuRCIPsfJxiIgn8zhQhWRBinQVAfHgtjvnFnnAQLYQjDtG/7nfao03XfNjPxZmfPp99PXpe+eD/Kt9OrjuekcL32YseDjxsC1gUOsTKQKrBpLRuTMirD99w+0Y710T0yRTfRLmZ/zwvM7NwNKzTryesaNmo6wLuLh5077hTwxsh8ZcGaWZY1bpqlYy6o/t4kUd1t0b1/TN0avZ0pK5v1NR+Fa2XamPT54Vyr+csKWe0HK0w9fOcSytWz6rRCjsQpPryRPE5l/Hp2CWuZzXobP06CbubnctVzK1pJ6jPPGM1mBkycv37Xjoyo9QaCF7X7n51kD68Pdks55K3htDq/OEbK1z/bo69d10nfTS1/cYm6MffB/C28ZUUTbsbQPy+/3ldzNG8C+fMUtep8td3StPouSfUeHz37EYeclyemNbxv3DJ15B9qmU9WFUTqZURO2n1O7DbuCUnHJeTT5l/VXc0O+Qa535x+zGp1n8nd8sAd9lHnEy+Xn4hasyw6Xfjbs+LegrsaNyZ+DD0fY0NqXbSsfF/l9uO/XF7vuyN51sWhTsGNOl0fJ9cyqe9MbUKLLQVBHlOPOGS7F1JXnloy6+25iHTu7a35tXVZFwVO96UmuZ3lb8vgmI75nF1t6xfWnSTVfp70Zn+cJeGA7+WR1068yb2QrvlSPB9yPzwqJa7iasCYqdazRjRnPI+o5ZSY3hm7csq8hg5zhxytyhzFhRKbrtom4yI8drXz+6672Mu4bSAJEEES6JIlAQp3WKQ5Gvs1v32EDUTDKYW8dlzmry8ZodDIYThgjcyR8PCvOsmDxgrM0EgWN/W+xE1PgQAET2C6vHBeCFcURreLF0UKhDxREhLcYUvYHDZjsizM4IkguLOYaNMMRpr/vWfof4rvBUXR5c23ndeOXxRlMvL+yQcPz2yYqeux79LdEW56Ks+vlFxx2SeC6UPaide916lzckdNW7s/fw487hYm6ukvJzsyiSrvlPH53Zn12hfN9NK3vHwdocn4+MuTDK1nT9y2F1Xrel1Y9YF9mdwwr7ShbBp+2/ud0b9G3DS44+hVltbQauBoor83zd3HU/ERjtE7Pzsb5qe/8oe3fFhyI6/iqU7ekp5G2ivSEa8Yz4Ps7AJnzHSn8CH6huG78h5dJaRM3/Y+tWSIkxpZUpDa6ZP4Gdqo5UFajlGFHTuP3NN1PFFr7F1QOjrRjplQv6l50rJfi7jYQ1pK5R/fbToAXRozw7vvvULNaTp1IL7vARopgVUGI44CjAMfcvH8u0+XSPjWUsHjgf2lwaoEcn9OUIeQHgycki+LzSnZcMoqsZryXkmQra9+XutY2sfx9yle6/wf7SgK2cH9181Topq0b1jR9MLifS5xs14TaSZhsIcsKXBgkIcK7Qvt0qb++HPx4G3kNDgSytGE4C2XEJxhR9hBLiFY/SfPxIgc9jLUH3weBrpWzVtRMwfnMOFu28F9CbcvJc10hcpNRAsCYhRpey6d+mXNUZNrQ7dlxQQf9cNedKPTPDbcTbZ94HeidNZGzftaUNreE4kvVzZ0TIKePzi1hqJQt8r5QbeX+l33PWsfPVk1/7q4+nHuS4Lpclxbzni9MbG9bz8+StxgovSO+CC2coTbltVRFOG6o0UTN0cYn5mp/Cx4ztRh+SvpUx8QNVjv65nTFzKnGAmpdc9ip/Qtp9CaT1O4q7tvHh3e7rZy6RkLo3nbq9orF1On/XLNS6jzHL5wIjFsTgA0nKKm3HhLLf/N5GPhsyqMTZ+8X55WP9P36ZbY3Oi9E12uvU2q+m1EcrBh17ZNhuaEBI3g81NGx2hLuqnnGCcu21e0vu9YfOjhjl0ii6NuZxboDh23kDrZM2vBbEd7tcqKijLXiLqCaX3iJB3xVnU4/Om0ofM06raO0WmwbzNqO/HauZ5xrYkldhk33lkvcPYz366d9zZsuWAtOJmiLyIMeb5Qp2qTpFrf+3D5/CmZRQu5B/lFtJ1Vvzl1DxV8WsGKPvC5eWZdlu758JNbtNKHhmKnGJf6rzn6SKf1UNmFkIOJ3grX7Ew89uaWFSfuqShcH6/xx9p0WvwYU9YuEr8wIGtsVWFX6gWdG+2j3c9vfM5peQeFCTKpi+t4dY/5z0ryLjEN+5TPBMxpch1V1PTBdOtUE59hUedp2z/BEmIyLFEIHkgFytmNaCrAffsakJLxr4RiFgzLHNLwRxzyyxsBE6QNKxZsMVGWNCagTSaMNP/rbywS7J9zBxbJHViQO4DP7en+IFTVNNnXxP9Noupqfvzl4Vk6BdNGjY9qm+3x21GClQaec3xpjeLou5ZRZ4c2UbutTm8glNVNvA6pMaddzVRKCk1fkhukF126lbO5LXJeY/MmrwMURk3pH7uN9ieTS2+u978QpKHQFr7wKctz3FDTJ3tIHpcrHI7Mbao1wcXviXx1MeaV9ZyiYa8dj7dYhe7lh1ok7iwMUTG+avtrz8N7RKXrc5KKOYZPlE4V0hJO5U7p6n1oNFtV29XXYFuysGWo9RHOvKbOTvucZX/8cuCXtFF/2JRnzX2a6Z6q8bLI1P9R9iTj/Wazzhyx+cy6WoGbUn6gdK3VksYtYsYbN98cHYuxNRP5oUu9jm9W2TdSN/Xi6+O4tFXvArsbPKuyctMrpTqisYEjDA7X6xtYjc2fOH3C5UXla/dr6pbsDu/gas+/b8DZEpjxYOzcqzozbDxrD/lN1cN1X0kOML2u+zB2rspMx4SKHsz9yr1YSeBtqXrFyVHXfGY8mVik0qbLqRxx1GER+1F1jTC5RfhEr7nKccOZrtOafreXrepw5cAle1Y3dwQUlH68Wxb+oDov5ZfOG50znnAMS2gGO0sWR4gfrwhODDxgmnrTb/OcqgQDgxedMTUGaxhrbC3dq+8vd8isJbucuVZsbypa947fk0ifxaDNDVq30cbdLPVWWcbwe1vdXq8vq3QsjM5vbLmRkTWYOztB7mz7Tvr7kjy/+14ycnCAGhavOJqC8UIPwdhj7L7Oq39KyvJvPEJjaywz2/6YmoLb/Wcl55hXdDPN4dmy5IZ8hepe6Fo4I43zH33pA/wWeC1w1sGXkkDYLJDFQtPcPLk05wl7wG5yaW7aj6W5v8EXwSkFCPN0fEoenJILp+QMKskEB6csg6cOTIeFhpn902sW8hdaQDJeDFeYFBIbZxIpioFtBwGwsPloFl0L44JB/lMo5LxRIHreSHY+LQm04vpPzoUNnh80oWt970Us4mVacX6Ld5KGydUmUcSYTdT1Q+6HrN0wbf3ixiTF7OqwQBOGTU+N8ErMss+npj6lXJhU5bR7+yve7ZCqMRbFeXPDUrMXr3T08GlSXLuoUWOG5qvJ01Z6NpR9inpoQzQx3PR4yqjia4e0EnInPmgLPe8wJTFZ9xVt8c5s0bJVry+OwzqOP71C9cSO3QqKmzojP0SarCscP3V81CxOiDaZx5+dv/7RstfSNa8cje59nNRw0qKLP3Z/a6l+Z8PdV8qlGwzy8l2Vp1BfkjJvaNewRjzoPmN8KWDrQc5EylnK6bP79rce+OO2esZM9iwr1gJ9jaXlr/V77jGs6bz8A/6ZkXxByRFRja0CYSc03sBGMpXmGk6VVri+ub9mqaZAfTG7ZGGr7fiw7TVzPYPTarRCJuSlNd961fNyWNFG/fu/F+c1PJ8bYvcwgLg53YaQQLhCKI/XVjvF5R7qvnN2FP5Us905ZYPn98JMO/LeFs1Z34S5UeR40v9VXjF5hrPqBrF2A8bwTPmm4qnshNEWZxu3bStITh7zwXmd9p5eJ13xm609VVFHZuQ9aI9P1Oh4ZrkhacSMvhsVupHxj0s/fFzZThU/400q/Qh34l1WNzfHx4TkTLmyxdfNvUrsN6YocQhLJ7nLjlI+tXdX/Y651UUZm/wW+Lo5s6XTzm9aGEARO0d9SiqoPhkTM/+8ZxxNKdnjd6YEXwZL8HuxEASnrPtvJ67vfx34ZXOkMKUWCT79RkzGMRXld14AF19aVKYyLH9XHdb9MhDPBKHtU65DyeqXL26kDG02PBmTnXq4XeMeHCo3RJHpC3sXjhcbfPfPGrz//D9NFY0T6/2lZ3sP/oUl/ZvcjJdAGC+n1TuXHd4qmK1PuM2c52l6omImcSpTWSt5f4KT95wqS3MVS9WrXuF6PoRbnjnqT/M3DuMJAxj7Kx6ZGKqOVXak9PLS1zpFn10bOuP26RX45sguZtrNewcv7MvpXLVz5lJB4m4IX/mp8sixurbOT2fSMbeenNgSur1x0rnoc4G9bb3H1RvyrKI7jQgvu5zShyQ2aPX5Tfr9wazRvk/PZZCGnt4ZvWFza6/UMKxn8mTcXueDY+ySdUoqH6vVZ9v3BozqdF84wu63T7udVVZM8jk6/3TlTtbdENVTE2atVjCZqpk9d9uqJ081Mp/m5v+e9NamXTNKojwfulDpOy5yh5J28zjvphmMAJ0VRRKsAXg80fuyRgSmBKsOuoagprn6v/Yi/v2dNjmbnAuPkDdJ6pcdQwhMPnhHgamCfnE8gWnBYiJl9p8s0r4tddJWD4Nz7eOy1PnXpJFamw4nffPKhNgK0422FJvph9P0n54naqcsm25opmF4bu6rWw9fPl+0J3eT7lNWxNB2xQe3rq9yGzt/3PbmjeJ5G4wbJ8wLU9v9x8PSJcNintkNbxDd7RN0kYumbX05fcHS8Z6zt2o/x1YYc3IddK49f08lctt9kpaQkpbkxdICC8MCDBS0w88dqAvfcu05957dQqcjn+7dav0k+dwa4n/5+MMDeUq82sYF6168WehwrKU26crnSzuOUguYCl6tLkdPHNP2mVv0KrVt7b1VlWXUlHbaFpsJ86M218+1u9K24/rt7RVPb91WXEyb1TSNcY1/4qbhpNT2aUrSZcSZ961f7fF3ObBiIdRVetrwZXzxCubEO6scMP8Da8pqiQ0KZW5kc3RyZWFtDQplbmRvYmoNCjI5IDAgb2JqDQo8PC9GaWx0ZXIvRmxhdGVEZWNvZGUvTGVuZ3RoIDI0OT4+DQpzdHJlYW0NCnicbZBNa8QgEIbv/oo5bg+LZk9dCIFml0IO/aBpT6UHo5NUaFSMOeTfdzRpCqUDKuM87+g7/NJcG2si8OfgVIsRemN1wMnNQSF0OBjLigK0UXHL8q5G6RkncbtMEcfG9o6VJfAXKk4xLHC4067DG8afgsZg7ACHt0tLeTt7/4Uj2giCVRVo7KnRg/SPckTgWXZsNNVNXI6k+SVeF49wynmxfkY5jZOXCoO0A7JSUFRQ3lNUDK3+U99UXa8+Zch0QbQQJ5Hp7X6nfpqe69uEneu6gvcVh/+Oj7XJKkuvpyHt1tQcArnKk8x2khFjcR+2dz6p0voGUTqBdw0KZW5kc3RyZWFtDQplbmRvYmoNCjMwIDAgb2JqDQo8PC9GaWx0ZXIvRmxhdGVEZWNvZGUvTGVuZ3RoIDQ4ODY2L0xlbmd0aDEgMTU2NjQwPj4NCnN0cmVhbQ0KeJzsnXl4FFXW/0/tVd2d0NlDOoFOmr0hIQlLAgEaQtgCCCFowqLppEPSkM0sbCKyKRBwBlRQccEF0VHfoQOMIAOKoA4qyCgujDgjuI+4IIo6CtTvW9UdCJrxnXmf533e3zzPPcf7qXPPPXete6uq8Y8QR0R2QKSS3KvGF0yu+GY40XkPcRX3504aPn7yUzvOE33XSCStumpKWsbYE0t3EnGrUKukrNpbZ5/4u0eIGu+Fr2/Z3EbnwKaMb4lWTEL+s1l1FdX7cnrpRE2HibTlFVULZuXN7phGdEsOkSxWlnt9XyUeQFucDe0NqIQjvMX+N+RHIt+lsrpx/vSvwuci/ylR/c6q2jJv7D/io4nWeoiuy6n2zq/LbLb0QXkl4p3V5Y3e8WMu3E/0E8ZMI2q81eWL9mpHiU4vIrK8XVfb0KhPpnmYT6ERX1dfXud8v99QopswXlEnYy24cUO+qEtYe12HnHPkUMmQbedythnX473OvHsh/aLVcp+yC1nNjDcEV+nYxclcmPX+C+kX0i33XSoJibbP8KTdRzNIoETYPNkpjcqJhHptOfIcCRYrt44kUqVNUiaadASvwms0i49UJd4q8SKUF4z++DZtT5jidJKHwqg+OAb1IZ4Pjsm4qdImY6akSb1oqxn+p2AtfhTtFFx0B/2HiJJGe/+32hafopL/ST3+UGhNmTBhwoQJEyZMmJDlPGekdf/X42DChAkTJkyYMGHChAkTJkyYMGHChAkTJkyYMGHChMl/nrT+/0bLeX4b0vf/1+NhwoQJEyZMmDBhwoQJEyZMmDBhwoQJEyZMmDBhwoQJEyZMmDBhwoQJEyZMmDBhwoQJEyZMmDBhwoQJEyZMmDBhwoQJEyZMmDBhwoQJEyZMmDBhwuQ/UIy/dikhJcIy/qLlFlwtuH5I4eBKMv7O5cUOoeAYpFgiV+Ihol6J9xL1TXyeKD0xQJSRuJ8oM3EvUb/Ex4j6J24hGpC4m2hg4k6irMQHiLITn6RunpTXqNuIlDeo24bkr6jbRqWMuv0jLo26q7YL3DevJBVz3xxOquS++UZdxp1r6vaZ8Sc2PejWRirxsMMohSaQj+p1Hd4wSm7N6d/qHwT1Z38b1GZyfCgnmbWCyYhLRkohoxdCS8HUF8kXSqOR6kNpqmeyr7DgqokTxuePGztm9KjcEcM9w4YOyRk8KDtr4ID+/TIz0vumpfbp7e7Vs0f3bl27uFKSnZ07JSU6EjrGx8XGREdFRtg7hIfZrBZNVWRJFHiOenPxgfjcorzZgY65JQGba6TL7gzYJp6ZkBagSEeyK8KZmVbcJxQVkNwBisoPRE8qaiFPVnFAdv88ZGJA6Go/m4zKExzOvIDYFf+5xnl9gR4FRcku+1uOS+XFqBNIyC1KTnYE+K74byyK8N84r9MXsE+CP9kR9IwN0KQiI+3W38+Ck7KSi8GCokCn1mxxcXuDfJpI3/+zYU7kmu0tto65IwMU3UK29wMUY4SdyaIA5QR6uDEQOyyzNUoLcNFnA1xUgIuZgCFf2YVR7WRWO2uQ55vtyvP5saK+kstreia4osnOZmdzQVFEJkxz0PmBQ5OLWqyWXFduuQUOMh3UYrHCYzUcaKKuhbMN5UyDt+UNauFJDcPyRRrDzTPS7IBnTQkM10isG0qiLpfs1vevbVtEqNZqRQWt4CACcm5ACQ7C6Q94vAFa42zpvb957W47lZa4bT6XzzujKCB4EdBCQte8ysJAYv6kaXChK6SSSqdxu0eaMG6eM6/S2Yy8EVsCukYaN/0Kv6+yvMTYJlyJayTKtNyilcn7HYFIXPMCEe5AGMLCFn7oEJrz4v1OI9vcvNIZeADDbVOabBCbIB5Db85zoTc0ljd7hHFL0i7dNnM3jvWZN8ezxusMLCmdHdx73rWt+z+52R6wfZeMu4P7g5pmxdBS+kpmG0Oe7TWmmTfb2bym3JzqWnNq2K/OvNkjjWRUxO6nqag9rSiv0pV3uUNMHIbQ9ed1k5MDHd1GxebmPGOIXh9GHxwyCi6P3zgTDjeH8eQGPIXmhQrNe4AePd6RxSFXKGCaUc0oKRlZXJwcvO8IDShdV0qpLmez0aLSNRDttic/j7L9fXrnFxTljXSYsw/wuUVDvoh3fAE7f9IlNxePmOa0LxzBNcqf4sqfHNwFla0oKQweYP7SnUdoKN5s9Ui84wjsUa5RJc3No1zOUc0lzd7d+pJSl9Puam6x2Zrr8kqc5snn4N+zxhEYtbY4YC+p5AbhJhv7bVRBfiBq8nTj9oxyVnqDD4thruQsR3JEcWvMpH9WHDpn2PHY98Y5a7Z/jrHZ8ERyOEcZj5fdeCo4AvYs45hiJFOLcA7KzD1rAudjChp3GCdFKO6a558SWiDsxtCGMZ57k0NeNJKcbJyhNbs9VIpMYMnkomDeSaWO7eRJc+PelRgl+1tLYqYaJUtaSy5VL3HhXsXnT/lv9nTb/dwc4Yp0ZqeZ628+bn2B/YWY4w9ZATUrdLujcosEBx+yeIdgWBY3Hl85gTi3WdFYEzwlm+0u559dAbs7IOUW7XfkFDvtEXi8cYgZ4zZODZ6if3a9xBnPToq2B7icABdr+AnPUvORLsRlofDS5nHmNZeEdlfbaYVeAL7K9ueGGLsL03ME4yMiXcYMD5uPtNCTuuso4yw5koMR44oD4cbzOBD+uQmM15Fb5MTTB6d1smk485yVxs0OOEtGmo+BYkdb9279ZMlI47GHIRshjtC2BoNLe+Ve+9d3+BLs8KVriyuxuwOeXpiBsz+6NU9LYVFolbIcoVNk9DXWmMqV5ZdWsTXml6ubX3hFrk27xgshGcVZl85+YVFglLu1qWB+tNvRNjvmZ8VjW4sJK+GMGGssKt4/WY4rfLi/nqALz5EbHQuN9wlPI1pc3KrJLR5u1ZRpRU/biZyrCou28xyfWzKiuKULyoqedhJ5TC9veA2nkXEaGcrn0Np2XjXjHU/jq22JWSqaDjNftpsj06e2+jgq280HffZWHw+fGPR5TF/w88KZ5x/Zhzy68xstnhvn/NrkGZNfmfzC5Gcm3zX5jsnjJo+ZPGLysMmXTb5k8pDJF00+b/KAyf0m95ncabLF5DaTa02uMdlscrXJFSaXm7zJ5GKTN5osNTnJ5BiT4QbfOxkbl/jGm8ANi2IdNyzq+NrrsOfOA6rrgKpaYE6Np1esY07NTfUJjU3RMYkVs4FZfqC8MtpRXnnz9QkdG2IX5nZMXoCEw+KJ+7qnO/vjTwS355PeqdmeTxyJ2Z7Czp2zsS083V9xubI9f+nZK3tKAe8ueJ93OwPWsOyzMA6+wLs978R1zD6BDGJ3vN833azT8f2kTtmet+Lisk8/w7uf2cS770batEFC1MldX0bHZt+2XjBsj+3bqNjszzeI7vUbunQ2HNay+I7Zs8q4jRt4M0Db0LVHtuc4OjEa1p5P6ZrtOYCGje72JziM66799sjsI4eNBvfvegmjffmQaXtiz2Cgny3m3X1LbTY5t2Ub7962ODjSYx0izSb2de9hNpy4tlOn7NXNort5hcW9ZoXgXnoT575xsehevCI40OOlGFfpCs69Cmkl0s1Iy1eI7r+v+McK3r+C676CcwyMiR8QE9M/JrJfTIfMGFtGjJYeI/eNEdJiKDWmW/fwHt079HKH93Z3SHGFd3F16NQ53Nm5Q12vk714yuHsXTxd6ro80EXsYI+waRarTVZUmyBKNuJ4Wzc5sbMsxHfuIAwT3hOEzfQe8R3iOselxQkdojtHp0ULDi4pLF5JCIuxx4VFitFhaQ6ud06vnB453XK65KTkOHM65Thy4nNiciJzOuRoOXKOkEM5kzILuUBkPuUXjghEcbhOGRHIdOfvFpwFgQx3fkCbNL2oheN+UwxvgF+Fo1kYEFfhNBbi62/a9KLdXEej+GbH08RxFMgvufnWYrc7KeAz3g9LkooDGYaxLqkYb/KMyQGHa4T759JgAtKab7VaenTLC/TK8wZ655WMbFuDa2hs+kUzbYRCjf5TCcQHhmGmP3e3aMaUJxWMyA+o+GxRJ00PJLiQOYTMAGRsrhEthEdoC29ABqZPL/KM+cb3te+M7yvfF77PfO/63vEd9x3zHfEd9r3se8l3yPei73nfAd9+3z7fTl+Lb5tvrW+Nr9m32rfCt9x3k2+x70ZfqW+Sb4wv3PerQw5J8b8SRNLnxk9waRPFt7Kt4Ges6dE/1VdfJtHFnvo5M54u7glG8kf0L6QHKYwfo58Wio3fw/rpX/uHgou/b7XUUBKD2eaQuyF0nYN0PS2h0l9p7C3ovy8BeozWh+zHaMslv2HfQ5WX8nfS2tDIlpvXOy6N8b+Xk9AH6EPuGY7/RdktUKIX6CAtpXE0jSZLJ6QT8BXROqRmzPmyHDVpzHI+zaOF5EVaGipbaq4RmWXV5vU2+G6jNej5Tu4YjadG8mFWuEm0Feu8QppLAimU4LEqnCCSIEmaSGlHIrPTjuAy7Eh638yI5IiuyRHJW4W/nX+Kf+rCOGnuj813iBPNNnbqX3K34d4L1IEGehIFgbcExChM8MbOQprAC2HbblI4u+JUeGW3/umOMHmCkuaun3nqjfpT2dk07MKrw9L7coJLiErp1r/fgMyM2JhomZsXtTKyKHX48NQ+I0ZIm376UZR/LPSkGo5U4w1+h3CC/63Zp0LuXbwsKIJ4I5q/4Ak32lc0ulFQYQlp7lOYh/sUDcs8khHsJxmJy+3U0In7CZA2XRzOPWsk419s9hLJ9WjXQXs8MQsTuKYorlvUgCi+PpaLjbeGcePDMIWdhiHB8Aw0rNgETtLC5MiIyEisntErqTYDVmBxguFIuInjuHgYHCejiNut//gHlHJJUfhA98ShICrMLuNiN4rtMsrsiyN262eN1cL1ux1wR6S53adwRrMz3JHZbneae2am++9GnoYNi4yDxz0TE5w5c2ayK6LfQJescC6uW3dXbEyEKyKTi43LHDCQy5TrHw0X46MuxhZcjIuJFdWH/sbtzuwguxO4514XDtQ/4u3103ZxVN+yqw+e90ibzsc3ZM8dJHxo3ucS/VPRjueDnZJorafvfJlLjLfaaDzv2CDFcjHhMRus9g4UEfbzJVjBSWHmnH/YEZz7GU8vY/Jc53hjyvHGlOONKccvV+1wqOFwqAlwqGmduZmYtTlN4zYGrcxMzPiLDCOl93VzmG9/l+xK4fv3o8yMuMyITKF/v26uFDkmOjYzY4Bo3yLWf/ncJxy9eaxE3LJly+KNTz6yZvUTv3+Ri/riIpexlV/40wd3Lnry3QMtR1409gDOBL9XjMQ8i58mG+5yd2OWSozagcjCh9vrjH/Zi7TIxuBlY/CyMXh5BbbfN8HtJ8KpSFZzoweHnBGRnTaThh3JyEgbNswYtDk+48bEZA7lMGp+r3uy/9YtW0TXumJPijAt+cUnLnwn0rGqBeFkvB8vTtbOKxOwL4mL5sN50ZXSJZXHjCOH8l0yM8ROfKR2vmDj6/rFdzZvvviO/vrGAiPHddu8metm5Pij7bqDVYxnBMetu3hKq5L3/WofVWOW7zp5UV+z5iI+xpaPMXIct2YNxxk5/mi77mAVdKHrrfPgZf5eMx/qE/n7jD3Gb+Oc6gT+KEVRd4wioxMfEx3Ou1JSMYqhfPLP8sLKPhMHpaQMmtinz8TBKSmDJ4qOkNHq4I8GM1dEXZEngf+exqiSOIDclEvTjV6NB5ASLhjddE/lgs+kuE5cXCchM2MoP3Aoh/+4fqkYRzgf4zJGkomRJXGcSdcVJUrvJLckuapWrB8z5rYV1SmS1Csp1hEWHh+eNK6guLe7eMrYJGTCOl5Yn9h3RNduw9MTx/QYOaNfvxkju/MOsMeYxHTD3zdxTPeR07nD7iSr3eKpGNu9+9gKj8VuTXJH2SO6RCT36xIZ5eqXDDMiksvvOiI90ajXxWinO9rrwnU2L1cUBN8SKSGdQav+N5SL/be0+Vf0DaZMmTL9/0HxzspiypQpU6ZMmTJlypQpU6ZM/6l6+DH8MoFnypQpU6ZMmTJlypQpU6ZMmTJlypQpU6ZMmTJlypQpU6ZMmTJlypQpU6ZMmTJlypQpU6ZMmTJlypQpU6ZMmTJlypQpU6ZMmTJlypQpU6ZMmTJlypTpv6NElM4XXPp7sBlEIZujcOSCNk8KeUK20MYvtrElstHokC3DnhKyFcqm60K2SjHIB20r9aK7QnYYd5AOhOxw0y8QJwro18bfbNoSbDu/wbTlNn7F9D9i2qpp/8G0NbTk418I2RwlCj1DNk/hQl7IFtr4xTa2RPHClJAtw54TshWqF5aHbJV68cdCtpUKhXMhO0y4RRwbssPb+KNovHLUtC1txm81xqw6TNvWxh9u2KrbtO3GmNXBph0FO1INth/dJj7GnHvQjm3j72jWnW7aDrOvYJtJbWI6t7G7mPF+0+5j2vMMW20zZrVN+7Y2flto/L9zZvRNz3JO8JfV1zbUzmp05tbW19XWexv9tTWpzuFVVc4Cf0VlY4OzoLyhvH5uuS91SnlFbblz6lhnXnXtbH9BeUVTlbf+6vL6BtRwpqdmZJsBU8eaxcFgf4PT62ys9/rKq731c5y1s5yNleVt+qyor22qM9xltdV13hp/eUNqZWNj3aC0tHnz5qVWt8alojitcUFdbUW9t65yQdqs2prGhrTLzTQ01dVV+ct9TqMg1Vlc2+Ss9i5wNjWUoz+MwXA7G2udZfXl3sby3k6fv6GuCgHeGp+zrt6PwjJElOPqbXDWlddX+xsb0VrpAnO4Vf6y8hqjKRQ09HbW1gctY9joofcvZ1VXX+trKmvs7TQWDpWNKq0d+Guc8yr9ZZVtBjYPnfpryqqafFjkS4Ovrala4Ozh7+ksry7FWC6Ho4VfG60Z7vPXVDjryxsa6/1lxg293IFR/VJbg80V6OFHL43l1cbdr/ejV1/tvJqqWq/vysXzBpeqvN6YTi26Apsa65oanb5yc5aIqSyvqrtyRbGVahaEwo37gQaxPJX+Uj/GnEoTqZbqqZq8VEU1tAC5UlrAhVE5zUb+73g8NaKshnxgPfmETUKLsE94FulpYY/wJP2OnHi09aV0yoI1gfxUhrhaakCahbpOyjV7qDPphccPq4ZSUTIcfVbhWgBfBVWirMHMleNajui5oA+RU3CtQK1ylE6lsWAeRlyLEfrN6ApqQjvG+K426zWE+nBiVKkYXXabFoz6l2u3bdlv9u5FajRH6oO32mx1DnzGbIySSjO2vXlWmPkmzLQ1ugzXauSN9fObs0o1Z9kI3yBKg84zNRVRP28vNVQ7DfYCc/UqzFHVoYUF8M4yZ2isWFq7o2kwR1KHdfGbq+i8VMNY+WJzpE5zfgtwbTJXPDi/4Dq0Rhu+WnMu9Ygw7l859UbeZ8bVmeu+wFy3GrOXOsT5QzXLQm2Uh/Jes+U68x4ZM240y4xapWYbratbZc7HqNU6qmCNBrNnYx+19bWudnAOvf+le1Vn5n2oU4Z8b3O9gjsu2HNrLz+fgd/cVfPMVSoD21+xeaGZGtFlmE2TuZd87a68UafKtHogvieuxq4rDa1Le60Hx/A/XdvLrfvMlirgqzf3ZqN558oundD2ZtDa+y/HNbjNHjBmEpxLo9lf69k32g/O1QfPPHPmteZJ+7Wd571iV5Wb96U2xOCsgnaTea6azJrGaC/fy2A7RmSVeTr/+R4NPpVqQnfmcuut58MfWmVj9xjjLTVX2ry3x4f8jUcKQ+pzfMi7S5EmIK1BSj8+9K+rj+e8NwgpA2kK0lSkZUhnkE6izgqk25BOIx1p81T2mqehNX/KfEqXX/HULr/iGW0+pcVOYrqYL44Wh4DZiPZiNYx1rkG94Yiox4xqzFr4IjFFn4gb0r5sI567Fle7aRt/ygvSuXNn3e1261lZWXpTU5N++PBh/aOPPtLPnj1r/vmvhLBtepfIT/VrRn+qNy/5WN/zxLf61q1b9RkzZuijR4/WWxvnBr+jxw06o0/yf6WvvutL/cCfvtSLC8fpixf49bs33Kxv//0D+uFDe3T7pJd1W9n3+rjV3+urW77XX3rrrN7uaNe+odPDp3V6WteHHNL1BW/p7cfd+5xOz7yn06nzOn2t6zWf/9huXJfHG/T4fWt1y/E9+rxzH+o79B/ajbMvsuvhD0bpthdj9aYTC/THP3q83bj6ZaTfsZ30ra+Svved4fqxj5e2G3dHLcrvJv3sXtK/fz1d1z/ztxvXUkb62/NJ/+vGQfrnzyzXz57Y0W7czu6kvzMQ924U0vzBuv7oDe3G3TfuWv256Q36h1Wr9L+vvlfXH9jZbtxNXSfq61Nn6L+b0Kjv9q3U37jtd+3GNdISfTVt0u+nnfqO7AP6y3MPtxtXSvfo8+hZfS19oG8d/KH+3NwP240bSXfqBXRQv5Y+028Z9qX+7IZvfxGXkJyp9x3i1VOv/o1esf6P+h2B4/rzb38f/LN0bO/+Qtje/Y/Yu63/9tADifdV1VSEbEtD0Db+TcI+rWEBfhGB1eO9jTWmFcobVS3vk/EvBzR82tj1+OWOp79wDd4AojADv9lFwYtf6KIwizqAc/BLXBTqKA5sIge4kDojfjGlgMuoKzwr8ZIXhbXUB551+BEgChuoH7gJPwZEYTPlkCQ8gheOjB8Ko2Fvp/Hw76JJ4F4qRK39dA3sF2g6+DJdh8jX8EIThDfxepWEE3jFCcJ7eOEKwgd49crCZ3g1K8JZWoL472kF/D/RSpJFnm4FNbqdbPhdv5lE/Ip/GHTSo6SKPY13mNibWsA02gFm0B/A/rQLzKKnSRKH0jPgMDoIeugQOJyOgCPodTCX3kb74+ivYD59AI7HjyNZnEBfgRPpHHgV/YTIqbhNkng1J4HXcBawiOsAFnPR4DSuIyK9XGewlOsKlnFu0Melg+XcQHAWNwSRVdwIsJrDuok13HiwlpsM1nFXg9dz0zGvhVwZeAM3B1zENYA3cjeAi7nl4E3cGnAVdzu4mrsHbOYeBtdwT4BruR3grdwfwY3cQfBO7hXwLu4YeDd3AtzEfQDew50mRXyYOwtu4f4BPsITuJVXwEf5cPAxPgaRLXwSuJ3vCu7g+4A7+f7gH/gh4FN8HiKf4ceDz/JTwP38NPA53gse4CvBg3wt+Ao/FzzM3wge4VeAr/JrwKP8beCf+buxSm/zm8Hj/CPgX/gnwHf4FvAEvwt8l98HfsAfBD/kXwI/4o+CH/Nvgp/wJ8BP+VNo7Qz/Kfg1/xV4lv8O/Ia/AH4riOA5wYrI80IEeEGIAy8KSaAuuEiWSOgJckIa8ZIopJMkWYQBJEodhEFgtDAU7CiMIEFKEvJgpwhjwe7CBLC3MBlMF6aitL9QhHZyhGvJKo0R/GgtH+dPlCYJtWjzaqER9nRhPlgiLCJFqhSWw18jrAIbhVvhWSTcgRaW4+Tx0i3CvYhcIzwArhO2wH+n8Dh4vxCA52FhJ+zHhT2oGxCehb0L50+U9govgc8JRzCeF4Q/o51Dwuto+c/CX8DjwknwpPAJYj4STqPuaeEM7DPCt7C/E/4B+yfhAurqIva/LIlYHFkTVTBMtIIRYjgYKUaAUWI0GC3GgTFiAhgrJoEJOK+C7BBdYKLYDUzC2RXkTji7gtwZZ1eQXTi7gtwFZ1eQu+LsCnI3cTDYHSdYkHvg1IpyHxGrLaeKWG05DWdUlPuKWG05XZwKZojFiBwgzgAHiteBWWIpmC3iySMPEivBwSLWX/aIteBwsQEcIc4Dc8UbwJHiTWCeuByRY8VbwHHiajBfXAuOF38LThBvAyeKG8AC8S5wingPWCjeD04VHwSvFreA14iPYsVmik+C14ot4HXiU2CJ+EfQK+4HS8UXEDlLPARWiK+AleKroF98DZwtvgHOEd8Ga8V3wDrxr+D14kmwXvwAbBA/BhvFv4Pzxc/BBeJX4ELxLHiDeA5cJP4A3ij+BC4VL4LLJA5cLongCkkBb5Ys4C1SGNgs2cE1UhS4VooFb5U6gr+REsHfSnhfyLdLeF/Id0hdwQ1SD3Cj5AbvlFLBu6R08F4Jbw35QQlvDXmrhLeG/KSEt4a8QxqN0l3SOPj3ShPB56QC4uXnpUKUviJNQ+lRaSZ4TCoB35bKwBPSLESelGaDH0k1iP9UwhtE/lwy7uPXknEfv5NuQC/npSUkKbx0M8mKJq0hXrFJt5Kg2KV1YLR0OxgjbQRjpbvBOOleMF7aDHaUHgKTpEfATtJjYGfpCdAp/R5MllrAFGkn2E3aBXaX9oA9pH1gT2k/2Es6CLqlF8E06SWwr3QYTJeOghnS62Cm9CbYTzpOopItvQsOkk6Cg6UPwRzpU3CI9Dk4VDqDWeRJeIIpE6QL8BTIHDzFMt7syrUy3uxKmYw3keKXoxFzveyAPU/GiVNukHHilJvkbhSm3CpnkqpslAeTpjwgj0QLj8rjEL9Nngz7Kfka2M/I18J+QfahzZdlPLeV1+VaeP4iN6Gdv8rzUfcTeSnaOSOvRukP8jr0dVHeQLzKyXeSoEryJlCT7yPjT7c/QLIaLW8lSU2QnyBFTZG3k6q65T0kqn3lZ8D+8gFwkIy1UofKL6Gd4TJOgZonvwr/OBlrpU6U30Tdq+V3UVos/w2emfIplJbKH5GmVslfwlMnf42Y+fIP8N8onweXKfgKUm9RBLBZkdHv7Uo4RnK3EoXIB5UE1H1CccHeofTCOPcofdH+PiUD3K/0g+dPyiCUHlWGo4VjykjY55R8lP6gTAB/Uq4CLyqTidc4ZQooKlNBRbkGtCjFYJgynTpoScpssmm9lLkka+nKIjBLWUaiNkTBE0YbrqwmSRut/IYU7SplA/yFCvakVqRgT2ozlM1o5zrlQbBUeRieWQrWU6tSnkDk9co22POUnehlpXKQNG29chieO5XX0Npm5Tj4gPIe+KDyMfiQ8gX4sPItuEX5CXxS5cH/UjXw96od3KbGgQG1E9iidkVru9Re6Guvmgr7gJoJHlKzwFfVIfAfU4fD/os6CvM6qeI7UPtIxXeg9plaCP8ZtRj+79XrYF9QfaRYJHUOyRabej0Ypc6Dx6EuJtHiVJeRYOmi3gy7p4qnrqWPiqeuJV39LSKzVKyMZYh6NzhCvQ+esSq+eSwFKvaVZZq6HZyuPg3OUPeDM9U/gdeqr4LXqdg/lgr1XbBS/QD0q5+Bs1XsGcsc9QewStXBRk0GF2lhJFmWaZHo/RYtBvZaLQH9rtewJpa7NXwhW+7X8P6yPKT1hv2o1hcx/6X1h71dywZ3afjSs+zT8KVnOajhS8/ykoYvPctRDV96lje1qxHzjjYNszillcDziVaOlr/SquD5TqsHL2jzSbaK2mLQquFLyRqlrYGdoK0nyerUNoLdtHvA3toDKO2n4V1jHaQ9CXuEtoNE62htF+yrNHz9Wqdq+Pq1TtcOwVOmHYXt196Afb2G7yXrfO0UqdalGr57ras0fPdaf6udg+cuDU8b630WPG2sWywK+IQljDTrHyyxsPdaEtHC8xYXWnvZ0gPxxyz4pWA9bukH/0nLYLJYT1vyUPq1ZRwJ1nMWvK+tP1qwAjayYAVskmUabKvlOth2SxkYY6kAEyxz4Hda6ki2dbfMhd3HcgPZbIMsK8liy7OsJ812lWUTKbZrLA+C11keg8dvwVeirc6yC/ZCy37YSy0vonS15Qipttss+D603W3B16/tIQu+fm1PWE6DOy3fkNW233IRtV62Yo6216yYo+2ENRb9nrI6YJ+2dkHkt9be4AUrngz48BlEaliYdQRZwzpaJ8BOseILJKy7tRjsbZ0Jplu9iMyyVoDDrNUkheVZ6+EfZ50LXmVdCBZasfPDiq3LyBLms66F7beuIy2swYov4bCF1s2khC2zboW92vokuM66nfiw2607wY3Wp8C7rbvBe617wM3WveBD1mdQ63HrC+B262Fwj/UY2nze+i56OWr9GO28Zf0cnpPWc/CctuoY/7c2fPOHnbeFkxou2XB/w2023N/waBu+h8Mdtp7wd7Hht0y424bfMuEZNpz98IE2PBvDB9tGwvbYxpAWPs6Gt0n4ZNs1ZA2faSuFv9Q2C+3MtlWD9bZGcKHtBnCZbRnYbMN7JPw22zpwk+1O8CHb/eDjtkfA7Tbs5/A9th3/j+L6jnOiaAM4PlxvySab3nvuLsldrufuktwlJ1ItqHREijSRpoLwggIiTVBAiqCAKKACFkBAiop0BAsISBVERJpIBwFF35//fD/zmczObnZnnnke3JK3AXfnbcZ9eaxk5dG8PXgq7yBeyDuO1/JO49086hopJY+6RsrJo66RZAV1jWRW8B8lt0IpMqRChVakSCEFuY1UoiC3kSoU5DZStYLcRoopyG2khILcRmqsILeRminIbaQHFOQ2UisFuY3UWlGB7RURfFxRi10VceyhSGAfxX3YT9EEByma42DFAzhM8TC+oHiUZ3hZ0Z72BEUnnKx4AqcquuEMRQ+creiNcxV9cYGCellapCDbkT5QPIcfKp7H5Yr/4SrFC7hWMQo/VxBFpa8U43CrYiLuVEzGbxRTcI/iddyvmImHFLN5A0cVnDXSCQVnjXRKQX0tnVVwyki/K97Hy4qleF3xEf6pWI5/KT7FfxVrRKoqVbEOMxWfY65iI0qKzSJFJSvIf1R6BWe6yqwg/1HZFeQ/KreC/EflV3CmqwIK8h9VseIwlimIQqoaBVWbKqk4J3JUDyiuiTTVI4pbzNZacRvbKe4yspOCSkTVRSno6a5Mod1LST2i6qukHlENUFKPqJ5VUo+onleqmWGEUkd7lNKIY5UWnKi0c+1kJdmRaqqS7Eg1Q0k9opqtJJ6r5iqpR1QLlGGuXaws56k+VBLPVSuUrHbVGiU1iGqDkmpXtUVJPFd9rXyE8d8qW9P/g5JaT3VY+QS/nlT2pH1WSa2huqik8lXdUBLHVHeVI0SGupHyJZGmzlCOE1lqSUleqtYoyaPUJiVnnNqufFNkqv1Korq6WPkBVik/ETnqpHId7eZKKjt1K+V2bKf8Bp9Q/sC1PZTsAnU/5XEhqV9QUgWoRyupAtRjlVQB6olKqgD1q0repHqq8i5OV/4t8tQLJN6bepGUywxLJRUul3hj6lWSkfZ6yYZfSW6eapvkx10SmZJ6r1TCmANSOT1HpAiekKL4q1TP+PNSY7wsNecu1yTyJfVN6UHG35Fa0f+vRI4kp0jtRLacJ3H2yRqJdyWbJd6V7JAGilTZIxEn5QKJOCkXScPpKZVexEppNNZIVGdyXBrPDE2lqSJHflRiDcttJdaw3E4ih5fbS+TwcgeJHF7uKJHDy50kcni5i0QOL3eVyOHlbhI5vNxdIoeXn5TI4eUeEjm83Ecih5efkljDcl+JNSw/LbGG5X4Sa1juL7GG5Wck1rD8rMQalp+TWMPyYOkYDpHITuXnpV9wuHQaR0hn8QXpAr4o/YEjpSs4SrqOL0u3cKx0B8dJf+N46V+coGJtyxNV6byfKaockSXPVsm8jXkqTiV5oYoMX16ictK/UlVAe62qCL9UlYlMebuqBneoErhT1RS/Vj2Eu1RtcLeK6lj+XtWFaw+peuNh1UA8ohqKR1Wj8JhqAv6kmsr406o38DfVfDyjWoxnVWRc8jkVGZd8XrWekddUm/G6ahfeUP2AN1VH8JaKvEL+U3Ve5GhSVNcxVXUP09SZmK5WY4bagplqn8jUSOoQqtTlqFaTe2tkdRI16maoVT/MSIe6AzrVT6JL3R/d6qHoUb+EXvVkka0pVs/EsHo+lqjfx1L1cixTr8Ny9WaRoalV7xRZmvvUe2i3UPMdNQ+p+Y6aR9XHRLqmvfokPqH+TaRouqnPYg/1eXr6qi/R7q++goPU7CzNYDU7SzNMTX2teUH9F/2j1PdwjPpfHCc3wolyKk6WiVSaqTI7TjNDJlJpZstEKs1cWY0LZM4jzUKZk1ezVLZyr+Wyi55PZY9I06yV8+nfKBfhdpkMXPONTE2t2SvH6DkkN+AJ+b+3dEZ+mP91WW6Ht2W+sraRzDmiTZepmrU58gCUZPaXVitzgmiNMieI1ipzgmidMieI1itzgmgLZE4QbUjmBNGWyJwg2gqZE0RbLXOCaGMyJ4g2Ic9mnvtlslBtS/kdfER+T2Ro28vsNe3j8ie0n5RXY195Az4jbxLZ2hHyLq4aLX8nMrUT5QNcNUU+gjPlE4yZK7NrtAtkdo12kcyu0X4g/8H4j+SruFK+KVK0q+U/Gb9B/hs/1zTCLzQZ+KWGOKbdqCGOab/SEMe0WzVG7vidxkXPfo2ft/GThhNce1LDCa49ralgzvMa3qT2kibGmBuaJPP/qbmP9j1NM5GuS9U8KDJ0ORrqO51C00ak6tQaTm2dTtOJfqumG2Pcml786tP0wQJNXwxq+olcXUTDytQ1aF4S2boHNJMY/5iGPEfXSTNbZOl6aBZwbV/NYvqf0SzDYZoV9IzUrOHXCZovuXa6hlWqm6vZI9J072j2c9/FmoO4RHMEP9L8hCs0PzP/Bs053Ka5ygy7NbeY7QfN39zriDYVj2pz8JhWjT9pjXhc68ATWqK67ldtgLtc1JbhH1oyW90lbQNe1rbAK9pH8aq2IyNvaTnddP9oe4o8fa72GZGp12iHiVS9QTtCZOtd2rEiSx/Qvorl2pkY085jTGPtIn59SPsRttfy7/TdtPw7fT/tThyq/YH+l7RHcbKWzFw/U0tmrp+vvY7va//C5bpUfl2vo3DQb9PpRa5+r85F/xFdIf2/6nhy/UUdT66/qWvgjvd0zUWuIVvXWmQa1LpOaNJ1F+kGh6437XzdAAzrhogsQ7XuRazRcRYbanWvYVQ3C2O6+RjXvSfSDA06siBDEx1ZkKGFjorb0ErHqja0021gTFfdFtq9dWSkhoE6MlLDUN1BekbqqDcN43XUm4Ypugv0zNJdEXmGhTq+i2GZPpWelfps5lyjz8PP9BKu1VN1GtbpWb2G9XryFsMGPXmLYaPejl/pXbhJ78XN+nzcog/gVj3x37BLX8bTfq+vwv36WuY/qk/gL/om/HpW31JkG67qW/Nm7umpx42p+h6YrX8KJT3vxGjQDxEZRrt+hEgzevSj6C/Uj8WwnizdGNFP49c6/RtCaXxQv1jkGjvol4ssY3c9laaxr55K0zhIv1XkGEfov2PkGD0r1jhef5DZJuuP0jNdfxLf1J/hqoX6S7SX6m/gMv1d/NAg8CNDBn5syMNPDDKuMRjxM4Md1xq8uM5AHmJcbyjBDYYq7r7FEMethsa4zdAStxsexR2GDrjT0BX3GPj6xr2G//7pD4YhuM/wAu43vIwHDOxQ4zHDf//xJ8MbeNwwD08YFuLPhiV40kBMM5418PWN5wzENON5A5Wm8YJhB/5u+BYvGvYx2w3DEbxpOIm3DGfxT8MlvG24iXcMrAFTIyN705RiZG+aUo3sTVOakb1pSjeyN00ZRuKVSTIWo8pYhWpjHcrGJqgxPoRaY1u0GZ9Au7EXOowD0Gl8Hl3Gkeg2jhcpJp9xIhYY+Y+msHEa7TLjdKw0zsRq4xsi1RQzvkm73jgXG4zz8X7jAmxmfFfkmB4zfijSTR2MK0Sa6Qnjato9jOuZ7WnjV7SfMW4T2aYRRr67aYxxP88/yXiUu88wnmL8HOMZnG+8QM/7xmuM+dh4m6tWGe/Rv87UiP7NpmzcYlLjVpMJt5nY46btJmpP0w4TEdu020T1bfrBRG5gOmIiNzD9YmpG/2+mlnjG9BCeNZGTm86ZWuN5Uzu8YOqIl0yd8ZqpK94yPYl3Tb3wH9NTItWcYuqHGSbyT3OO6VlUmoagbCK+mfWmEWg2jUS76SV0m8ai3zQBA6ZJIt1cYpoqMswR0yzacdNbeJ+JCG9ublos0swPmZaILHM70wrGdzKtor+bierJ3NP0Oe2nTZvwGdN2oTNPMB0VKvMc0wWRaX7HdJWrlpruMMMnpnvMv8acSs9Gcy7uNGsYs8ds5tcDZnaH+ZjZS8+v5iD+bi5j/svmSrxirsar5iheM9fhdTOVu/mGuTHeNjfFO+YWeNdMrm7+y9wK/zY/hvfMbUWqpZG5A6aYyR4tqeYumGbujunmnphh7oM55qcx1zwA88zPoMI8GJXmoSiZyeQtGjOZvEVrJpO36Mxk8ha9eTwazK+g0fwqWs1T0WaejnbzLHSY56DTPBfd5rdFisVnpj6yFJmpjyzF5k8wbF6DJeYvsNS8FcvMuxlZaf4Wq83fY9S8F+vM+zBpPsCY5uZj+Ij5lMiwtDefo93VfBn7mG/hIDPr0zLE0giHW9JxlCUbx1oUPMlEiwpftWhwmkVP/ywL38LylsWOCyzUTZbFFk5Yy1JLAD+xFOMqC1Hass5ClLZ8aakV6ZatlnraX1vuw+8sTXGfpSX9hy2taB+3tKb9q6UD7XOWzrQvWTjLLDcsvfGupZ/IsDayPCvSrZmWobSVlhdpay1j0GyZINKsDstk+v0WMjdrwELmZi22zMYyy1tYZZnPr3HLImxsWYotLcu5qpVlFb+2tnyG7S3rRba1u2WLyLUOsHzHzIMt+0SW9UULe9w60nIKR1nY3dbRlmv4kuUujrGmiEzrJGs246dZlfiGVYPzrJxr1nesnGvWxVbONesSK+ea9SMr55p1hZVzzbrayrlmXWctwi+s1JvWTdZy3Gatwq+tNfitlZzNus+axP1WzjjrASvvzfqjlUrTetDaBg9ZO+JxK+ed9YSV8876s5XzznrSOgB/sT6Hp6zD+NfnrSPxgnUs/m4lTlovWjkLrH9YOQusl6ycBdabVs4C6y0rZ4H1TytngfW2lbPAesfKWWC9a+UssDWychbYUqycBbZU6z5Msx5G7o8Z1tOosJIP2JTWKyhZydZsKuvfqLaloGzLQpNNiWabFtkMaLU50Wbzo90WQp+tDP22asy31WGBrTEW2lpgwNZKpNiKbI+KVFuprQ091TayVluNrRvW2npj1NYfY7bnMG77n8iyNbG9hE1tr2Az2+vY3PYmtrC9iy1tS7G1bSW2sVH92draqP5s7WxUf7b2Nqo/WwfbEZFte9J2CnvYfseethvYy3YPe9szsI9dwmft5Oe25+wuHGwP4BB7OT5vj+FQ+/3MNtr+IL5kb4Nj7J3xZXtPHGvvj+PsQ0S6bbJ9OL5qJ2OxvWYnY7FNsb+CU+1TcJp9BrO9ZZ+Hc+3v4Tz7JzjfvhbftlOV2BbYqUpsi+3f8cY+sFMV2j6x/8j8a+3HRabtK/tp3GT/HTfbr+EW+x3c6hC4zZHJXXY78phhj0PFbEccJvzV4cbTjiD+5qjAM444nnU0wXOOh7nLZcd/3+WK47/vctXx33e55vjvu1x3/Pddbjie4xnuOUbgP46X8V/HZJFlF44Z2MgxF1Mci0SOXeH4GJWOtSg5NqPK8Q2qHT+i7PhZpNr1Dvap3eG4IJT2YsdtDDszsMSpxVKnG8ucJVjurBOyvYmzFTZ1dsdmzsHY3DkeWzjnYEvnMqG2d3Z+jk84v8UuzuPY1XkJuzn/xe4ulcizD3RZcZCrAJ9xVeCzrgQ+53oAB7vaC4V9jKsnvux6Fse6RuE416s43vUmTnC9z7+Y7lqBM1wbcKZrG85yfY9vuA7jbNcpRr7nuozvu/7GD9zZuMStx6VuDy5zl4hs+2p3Da5xN+BnbrJi+1p3a1zn7ozr3b2YbZt7EG53D8cd7rG40z0Fv3bPwV3uhSLX/qP7YzzoXoeH3FvxsPt7POI+gkfdp/GM+zKedd/Fc550PO9R4QWPBX/3+HkDtz1leMdTh3c9LfAvT1v829Md73nIVx3pHvJVR4aHfNWR6SFfdWR5JmG253XM8cwRSofJ8z6aPavR4tmCVs9etHlOoN1zUeQ6Ap4/MehNwZBXgUVeIxZ7PRj2FosMR5WXLMsR8VJBOKq9VBCOGm8TrPU+gFEv9aCjsbcj3u/tjk28fbGp91ls5h2Ozb1j8FHvJHzMOx1be9/CNt6F2Na7DNt5PxV5jh7ejdjTuxt7eQ9ib+8p7OO9hE95OUccz/pS8DlfDg72yTjEZ8bnfW4c6guIHMcYXwW+7KvDsb5mOM73KI73PY4TfHxTx3Qf39Qxw8c3dcz08U0ds3x8U8cbPr6pY7ZvIW9ygW8pvuNbge/6qGscC30bcZFvOy72fcsdP/YdwE98P+Fy32lc4buIK3038FPf3yLb8YU/Hb/0K3Gj34Bf+Z24yU/F6tjsJ247vvYTtx27/MRtx24/cdvxjZ+47fjW3wq/87dl5CF/Fzzs74NH/M/gUf9wPOZ/GX/yv4pn/LPwrP9tPOf/AM/7V+AFP6e243f/Fp78un8X3vDvxZv+Q3jLfwL/9P+Gt/0XRbYzxX8TU/3/YFp+JqbnE82cGflEM2dmPvHBqc8nPjgN+XVozH8ATfkd0ZzfBy35zwvZWZw/EcP5b2FJ/kdYmr8Ry/L3Ynn+KWySfwObFmRgswIjNi8IYIuCGLYseEjkOdsXdMQOBb2wY8Gz2KlgJD5eMAk7F7whFM6nCxZhv4IV2L/gSxxQsBsHFhzCQQWnRY5zRMElfKHgNr5YmIIjC/NwVKEeRxc6efKphcU4rTCGrxe2wOmF7XFGYS+cWTiYkQsKR+I7hRPx3cLpuLBwHi4qJDo5FxcSnZzLC4lOzhWFRCfnykKik/PTQqKTc1XhKVxdeJEn31x4G7cE0nBrgAjp3BYgQjq3B4iQzh2BCpHr3Beox/2BFngg0AZ/DHTFg4Gn8VCA+s55MkB95/wlMB5PBabgr4E38HTgbfwt8L6QnDcDa/BWYBv+GdiPtwOn8E7gKt4NCpHrygjmYmZQj1lBF2YHQ5gTjGBusEGku9TBpigHH0BN8BHUBtuiLtgJ9cGuIsvlCPZBZ3AQuoLD0B0cjZ7gRPQGyaZcwSDZlCsUJJtyFQXJplzFQbIpVzhINuUqCa4Wma7q4OdYE2TdumqDrFtXNMi6dcWCrFtXPMi6dd0fZN26mgQvYtPgdWwWvIvNQ42wRShLZLtah9TYJmTGtiEPtguFsH2oEjuE2HeuriH2natbiH3n6h5i37meDLXFHqHHsWeoO/YL9cH+oQE4IDQYB4aG46DQaHwmNB6HhV7F/4Wm4/DQHBwRehtfCC3GF0PLeKpxoZU4PrQOJ4S+womhHfhK6DucFDogUlyvhQ7yzt8M/YJvhYjYrrkhIrZrXhER2zW/iIjtervIKJSuj4v8+ElRBS4vasAVRa1wZdET+GlRP5HmWls0CNcVDcb1RcNwQ9EL+HnRaPyiaKzIc+0qmoa7i+bhN0VL8Nui1fhd0Sb8vuhbZjtedBRPFJ3Dn4tu4cniNPylWMZTxU5GXi4OiVTX9eKwyHOL4ig2Km6KKcWPYWpxF0wrfhrTi6lT3HnFLwql21I8WWS6PcXUeu784lm0w8XzRJq7ovgdrCleLNLd9cXEZHfT4hW0Hyxew7Wti1kh7seLt4gcd+/ibxnZr3gvPlN8gJ4Xik+ILPe44jPca3ox2Zr7reI79L8XTqXn07BE+8uwiTE7wi7m/DZMjeb+IRwQKe4D4RAeChdz1c/hSvpPh2u44+9hajT3lfB99N8Os1rc/4apMjzpYaoMT0aYKsOTGabK8GSFqTI82WGqDE9OmFrYowxTC3ukMLWwRxWmFvaow9TCHjlMLezRhKmFPYYwtbDHGKYW9pjC1MIec5ha2GMJUwt7rOHpzOYOz0ZPeB56w++iL/w++sMfYn54hcjylITXYWl4E5aFv8by8F6sCB/GyvBJrAufw/rwFUyEb2OyRGBDSRbeV6ISmZ6WJQaR62lXQsz39CopEWmep0sqeJKBJRGR7flfCVmBZ3QJWYFnQglZgWdKyaOMmVFC3uJ5p4S8xfNuyQBcWDIcF5WMx8Ul0/G9kreFwrOq5ENcXbIO15Rsx89K9uHakp9xXQn72rOphH3t2VzCvvZsKWVfe7aWZuG2Ugm3l+p5kj2lDtxbWoA/lJbivtJa3F96Hx4ofYB/cbK0Hf5S2h1PlfbHX0uH4enSl/G3UnIAz5VScgDP1dKFeK30I7xe+hneKN2EN0t382b+KaXm9fxbSs3rFaXk0t5GpdS83pRSal5vaim5ijevjFzFqygjV/Eqy8hVvFIZuYpXVUau4lWXBdBcVoaWslq0ljWgrawF2svIrLyOso4i1xss64mhskFYVDYCi8vGY7jsdSwpmycyvdVli7CmjNjirS0jtnijZcQWb6yM2OKNl+0QCm/Lsv34QNlJfLDsD3yo7C4+XJ6Jrcq1IsfbqdyOj5cXYOfyMnyiPIZdyptg1/JWPNVT5e2xbzlx3vt0OXHe26+cOO/tX06c9w4oJ857h5YT573Dyqfh/8rn4PDyd3BE+RJ8oZycxDu+nJzEO6F8C04s/wZfKT+Ak8qP4+TyM4ycWX4JZ5XfwjfK/8HZFRk4p0KJb1ZwTnnfq+Cc8r5fwTnl/aCCc8q7pKIBl1Y8iMsq2vMGPq3ogqsqeuHqiv64pmIwflYxAtdWjOENbK+Yijsq5uHOiqX4dcVnuKtiK+6u2MtsByuO4aGKM3i44ioeqfgbj1Zm4rFKWaR5T1ayGr0XKlmN3huVBSLde7eySGT5UisrRaYvt5L36dNX8j59hspWaKzsiKbKHmiuHICWymEiw+euHCmyfaHKCSLNV1o5Gcsqp2J55QysqJyNlZVzsapygUj3xSoXM3/jSnaT79FKdpPvsUp2k691JbvJ16aS3eRrW3kR21XewZ5VGdirSoO9q5zYp6oIn6qqxb5VTXFYVWv8X1U3HF41AEdUjcAXqibii1WzeM6xVXO5+6QqorRvatVinvnNqo/xrarPcG7VVziv6mucX/UDvl11lP+4tIp8zLesinzM92EV+Zjvowj5mO/jCPmY75MI79C3LsI79K2PsKN9GyLsaN/nEXa074sIO9r3ZYQMxLc1Qgbi2xYhA/Ftj5CB+HZEuuLOSE/8OtIXv48M5M0cjDxP+6fICDwV4bz2nY+Mp305MhlvRqbhX5FZIt3fKPKWSPWnR+aLNH9O5F2R4VdHPkBj5GN+tUc+RW9kLT3ByJdYFtkqsvzRyDeMT0T2iEx/s8hBeh6JkJ/4O0TIT/zdIhcZ2SdyDQdGbjPDkMg9HFGdQs+Y6izuOL46V2T7p1Vr8fVqG06v9uOM6jDOrK7GWdVJkeN/p7olvlvdBhdWd8FF1U/h4urn8L3qF0We/9PqV3BV9SxcXf0urqn+GD+rXo9rq1kb/u3VrA3/jmrWhn9nNWvD/3U1a8O/q4a14d9do+GOB2qs+GONDw/WFOOhGiK//3BNAo/UNBe5/t9qWuOZmi54tqYvnqsZgudrRuOFmslC4/+n5m38t2al0OSLmm3YqOYQptRcwNSae0Kbb6xVo6nWh+baGrTUPojW2m5oqx0i1Pnh2vFYUjsbS2uXYFnteiyv3Y0VtceElN+49gLeX3sHm0SzsGnUgM2ifmwerRTp+Q9Ha0Vq/mPROO0O0QbanaP3i4z8HtGWIiW/d/RBkZk/MNqaX4dEO4i0/OHRzrRHR7szcmyU1ZU/KUq1mz8j+iy/zok+j/Ojw3FhdCTXLouOY+Qn0YmMXB19DTdEp/PrV1Hy3vwd0XkiO39v9D1mOBL9WOTkn46uZfy56AZ+vRzdRPt6dCvjb0d34r0oq6sgJboHM6P7RXqBInpYpBaoo8dQFz2BpugvaItShxb4oxcZE4peZXxplGquIBr9R2QUNMTS6Gka43wvaBVTYYeYkf6uMTv9PWNu7BvzM8+AWCHt52JF/Do8Vs5so2PV9IyLxbhqSqwxPTNjzfGtGDVawQexjlz1YayzyCxYFevByHWxPvy6MdYft8V4SwW7Yrylgu9j1N0FR2JjaZ+ITWT8mRiRreD32AxGXo3NwT9j80VWoYi9J9IK02NLRUZhXmw5amJrRGahJfYFbXeMs6MwFPuGnorYPpFeWBujLihsiJ2g3Sz2K2Mejp2n3SZ2CTvFrmO32G3m7BX7m3a/eCORWjgonoaD45mMHxFX0P9SnEheOD6uZ7YpcZvILXwrTkVW+EGciqxwVbyeZ/siTh1UuCX+gMgp/C5OpVB4IP44PUfj3fBknLOm8Fy8P094Lf487btxcrzCf+KjRXogLT4Oc+KTREZAHZ8m0gL6+Ey0xOegM07eG/DF32FMMP4elsaXiexANL4K749/QU/L+GbGtIpvp902vhsfj+/BzvED+ET8CHaJ8x4CXeO/Yrf4Oe7VJ34Jn4rfwL7xu/h0ncB+dRnYvy6Pkc/VqXFwnR6H1Fnw+TonDq3z4bC6ACNH1ZXg6LoqfKkuhmPqGvDlumY4tu4hkROYWsfJG5hd14Wet+t68uRL6gbg0rqhuKxuNH5Y9wp+VDcdP66bK3ID6+vexw11K/Hzui/wi7qd+GXdPtxYd5zZttf9KrIC39f9zvMcqLuCP9bdxIN1d/FQ3b94uD4Nj9RnM/Ov9TKerrfgb/VePFNfhGfrq/BcfT1zXq5n7weu1LfEq/WP4LX6dni9vjPeqH+St32nvjferX8a/6ofiH/XP4f36ofiP/UjRHYwq34sZte/hjn1b2Bu/QLMq1+CivqVIj2oqf8MtfWfo65+E+rr+Y5BQz3fMWis3yNyg976o+ir/w399Vcwv/4vLEhkYGGCejZYnqCeDVYkqGeDlQnq2WBVgno2GEnUYXWiqcgMJhIPYTLRBhsSj+N9iSexcaIv3p94Bh9MDMOHEqPw4cR4bJV4DR9JzMRHE3OxY2IhdkpQfwUfT6zAzom1+ERiI3ZJbBcpwe6JnfhkYhf2SHyDPRPfYa/EHuyd+EGkBp9OHMB+iUPYP3EUBySO48DESRyUYK0Gn0+cE2nBEQky/+DLietCGZyebCRUwUVJtVAH1yTd9H+ZLBT64IFkPVcdThK9gz8l7+faU8kWeC75MF5Ktmae68n2/PpnspPICP6TZG+G0pK9RFooO9kXlckB9GiTfMeQKTlUZIZcyZEiJeRNjsb85BgMJMdiUXI8liQnYnlyElYlX8Wa5BSMJadhfXI6NiRniuzQA8n5IiP0WHKRyAt1TS7nLr2Sq0VWaGCS/RsaktxMe2RyF2PGJXk/oYlJ3k/o1STvJzQteUjkhOYmf+HXhcmzjPwweZmrViZv4NrkHfo3Jv/F7Q3pPPN3Dezc0P4GNVedaLDQc6bBzZznG7x4ocGPvzcU4MUGatvQHw3UtqFLDdS2oVsN5KWhPxtieLuBqjZ0p6EF3m14BP9qINsvSmvoKlKKMhs4+4pyG3qi1NBHZBTpGwaIzCJ7wxD8P2HnHR9Vtb39lUw7ZcoJEkBFAtJCQghKAAvNzGQmwYogUhIUpVlBqjQBKYoKCIKAdEFgzjkzggUpKhakKFhQmqJYEEUFVESKIL9vzLn3ncsL9/7h2s96nrXXLufss/fWj5OswhHYmoVjsbUKn8BeXjgVW7twFja3cAG2YeFSbF5hAtuo8BVsfiH397zGhe9gryrcgr268GPsNYV8yfOuLeQEldeikBNUXstCdrS8cOFv9OeGwpMwHcKCLQ37sD3CQez94UxR8waHaxA5Ilxb3HljwvVhngw3hpkaZt/PmxnmtpW3MFwIXhqOEWOFr8euCN9M5NpwJ+yGcHdG90G4N3Z7mP0rb3e4P7W+CQ9D/Tk8FvtL+CnsofAM7OHwfOyR8DLsr2FuN3mnwtxu8v4Ks0PlnQ5zu8k7E+Z2k/d3mNtN3tnwAVEbqeEjWC18AqtH0rD+iIYNRDh3NQpGqovSqGqkDrZapCH24kgB9pII+2+jSyMRbPXIDeJrVCfSHls30gVbL9IdWz/SB5sd4dzbqEFkMJFXRh7BNolMwBZEJmObRp7FNovMxzaPLKXF6yIvgttGXsO2j6zHdohswt4W+QjbMbILe3tkH7ZThHeyUffIEexdkePYuyNnsT2KfNieRSFsr6Kq2L5FWdh+RfWxDxXlY/sXNccOKGIPbTSwKCZao1FF7bCji7pixxT1xD5a1Bc7tmgodlzRWAk2eqZoKnZ60QLsjKIE9tmiddiZRVuws4p2YZcVfY9dXsQXo1E8moY1oyGsFb0Ma0dzyfZatCl2dbQ1dk20BLs22h67LlqGfT3am169F+2L3Rgdgt0UHYXdHH0MuyU6Bft+dCb20+gC7GfRZdgd0fJ52xktn7dd0fJ52x0tn7dvouXz9m20fN6+i5bP2/5o+bx9Hy2ftwPR47T4WywN+3tMxx6NZWL/iGVhj8UaYP+MNREtPy3WEpseY67yXTHmKt8dY67yPTHmKt8b4ynnB2OcMfJDsZFYIzYOmxF7ElspNg17UWy2hPJrx5Zj68Rew9aNbcTWi+3A1o/tx2bHjoo/v2nsLLZZsY5tXlwVe1VxbezVxfnYa4qvFT0/WhzFxorbYYuLS7Elxb2xbYv7Y68vHimB/M7FT2C7FM/Edi1egi0tXoktK34T262YM1t+r+Lt2N7Fe7B9ir/G3lP8A/be4sPY+4qPYQcUn8YOLHFhB5Vo2MElGdghJdWwD5dkYUeX1MOOKcnDPlpSgB1bci12XEkhdnxJCXZSyS3YySW3Y6eUdMM+XdITO7Xkfuy0kgHiyZ9V8jB2dslI7HMlj2LnlDyGnVvylHhcHURct0muq6Oork7gzqK5ukimqyt+GX43tDvAd0qa6y78u9F7oHPycfXG74N+D/heyXbdj/8APuchV1/8h/D74w/AH0hbg/GH4D+MPxR9OP4I/JH4o8CjwWPAY8HjwOPBE4h7HH8i/hP4T+JPwp+MPwV/Knga+BnwdLRn8Wfiz8KfjT8Hfy7+PPz5+AvxF+E/j7+YcSyRyq6lcMvgOMu44nAmnMV4E/BJ+BfhV8CvhH8Z7hW4V+FWkW81/hr8tfjr8N/AfxN/Pf7b4Heo9y5ztgF/I/4mtM3gLcR+gL8Vfxv+h1LT9RFtfgy/Hf5TeL6srp3gXeDd4D3on0upay/cl3BfwX0N/gb8LXg/+HvJch0Qt+sHqeH6kZwHpZbrZ/hfxOU6JIrrsFRxHaFPv0or129S1XUU7Q/xuY6h/SlB1wn8k5LjOiWm6zT4jCRcf9PmWVnsFsl1p4nidom43WK7PdLQ7ZUct0+y3QpYg9fF5/YTE0APiukOieU2pMydId3clSTTfZEscVeWpu5MqemuSnw18bgvFtV9CSmr41+GX0NcblaAuxY+pyJ3bfLVEa+bk7q7nhS769NmNjlz0HMl6c6jbCQJd2PKK2i3CWUB7TajbE4frqa8hr5fSzstaLclWgWXdDgbLt3hEg5nwRU4nO1wJty/8lkp3L/qmg4X/4eLwBURF6XtGHwxbZcw/go+HT7p8HYKXwCfcHgrhTfhbYc3z8ljXYA3HT7+D38LfDv6civ9aA/fgXoVXBLOdrh0h0vAWQ5X4HA2nOlwpsNZKdy/6ppw8X9zXeFKiSuj7W5wd9D+nbwLFXw6fNLhbXjb4QvgEw5vwVsOb8LbDm/Cmyl5rAvwpsPH4eNuvltuvltuvlvue+nLfbRVwSUdzk7hEg5npXC2w5kpnHUeznS4+D9cf7gBtDsQbhDxg2l7iGjuhyXmHsqaqNCTjp6Obp9HTzh6Abp1Ht12dBPdPI9upeQ/n26m6PH/0Eejj6H/j9Lvsaz5caxLvtHuCazLx6SPoyfRbXT7AnoC3UK3LqDb6Ca6eQHd+h+6iR5Hj/9/+mR0zjrupxnDVMYwjXeQfcM9XYa5Z/yHnkS30e0L6Al0C926gG6jm+jmBXTrf+gmehw9/h/6XPR59J1TuXsB/V/IM1gkpe7n+bZWaElHs9HSz9ESjmahFZyj2Y5mopnnaFaKdm5O09Hi/6HF0UzqWfTVRk/Q1yRz/aL0dq9gHBV6OnrS0W10+xy9AD3h6Ba6dY5uotuObqKb58lv/Q/ddPQ4evzf+mvoq6m7RtLca9l/1jGO14l7g3FUaOkpWtLRbEcrSNESjmY5mpmi2Y5mnien9V8009Hi7g1o7xG7kfdjk4xwb6afW9Dep58VWnqKlnQ029EKUrSEo1mOZqZotqOZ58lp/RfNdLS4+xO07cR+ivYZfdwBv5M+VvDpDp90eNvhCxw+4fCWw5sObzu8eU4e6wK86fBx95fwXxG3D/5r+vMN/Lf0p4JPd/ikw9sOX+DwCYe3HN50eNvhzXPyWBfgTYePuw/C/0Tcz/C/SAP3Ifp0GO0IfarQ0h0tgZZ0NNvRChzNRks4muVopqNZaLajmefkNNGsC2jpaKajxd1/oh0n9gTaSfp4Cv4v+ljBpzt80uFthy9w+ITDWw5vOrzt8OY5eawL8KbDxz3pwqVCvB5P+Q83ie3xieZRJNOjSo5Hl/KfYcj0BETxBCXNY+Bn4Fci5iLJ9WTiV5FenqrSx1MN/RL8S9Grg2uAsyTgqUlsLfF7auPXIWddSXrqScKTjd9AanpypIYnV0wP509PI3A+uDH8lfhNxPIUkI8zqKe5+DxXyTDP1dLOc43c6rmWXC3hW9G31uRrI+W/GhTzFErUEyY2Ik08RaJ7ouL2xOBLiG1LnRsob6R/N4nquZnc7fBvlRJPe7nF0wHuNrTb4TpJmacz7XWBK8UvY5zd4O5A745/l6R77qZ+D+aBu7anF3G90e5B4x7nuY+27qd8gPb7wvWTFp6H4PoTN0BaeQbBDZbKniGS5eEu5xnK2IdRfzjxI9EeIXYU/GhyjIF/lLhx8OPBj1GW//rXRKnq4T7neQp/Evxk8BQ47nOeafjPUHc6eWZI+e8YqZ5Z8LOZk+ekoWeONPDMhZtHngXwC3kHFoG503mW4L9AvaXELaNd7nSeOPkseBs+AZ+E507nWQn3Evhl+l3+22KvEreKGO50njW0v5b5WUccdzrPm4xxPc/2Lfx38N+lrxuYO+50nk3k2EL5PvEfUG8rebYR+yE5PyKe75BnO9qnaJ+h7UDbibYLbQ/a52hfoO1F+xLtK7R9aN+gfSu1PN/R9n7aOID/A+/IjzyPg/TzJ8byCxzfBM9h5umILPH8hv87/FHy/UHMMd7D43AneI9OkucU9bnXec7wHP+WmFdEvGkS9aaDXaJ53ZLphfT68BXJ9XKn8+rSyuvHD4JDcIZkOzgJth2cAFsOtsGmg60UbILj3n/+NzjyXEyeCpwE2w5OgC0H22DTwVYKNsFxb01wLfJcTp4KnATbDk6ALQfbYNPBVgo2wXFvg/L/WESeXPI0hKvwk/h2ip/At1J8G9/0lv++W4VvneOb+HF81ct91FtA/qbkr8BJsO3gBNhysA02HWylYBMc97YAtyRPK/K0ljLHT+LbKX4C30rxbXwzxbfO8U38+D9+FD9G/mLyV+Ak2HZwAmw52AabDrZSsAmOe28G30KeduSpwEmw7eAE2HKwDTYdbKVgExz3dgJ3Jk8XUbxdZbG3VLwOlzwPlzgPZ5+Hs87Dmf/B3Q3Ht9Hbk/5X4CTYdnACbDnYBpsOtlKwCY577wc/QJ4HyVOBk2DbwQmw5WAbbDrYSsEmOO7le+sdTJ4h5KnASbDt4ATYcrANNh1spWATHPc+Ah5FHr7LDk6CbQcnwJaDbbDpYCsFm+C4l2+493HyTCRPBU6CbQcnwJaDbbDpYCsFm+C492nwVPJMI08FToJtByfAloNtsOlgKwWb4Lh3Nvg56emdI8XeeeD55FwgDbwLWXvP4y/GX4L/Av4y/OX4cdo04Sy4BFxSfN4XeQdW8P1bKb28L7EeXoFnT/CuIoY9wbsGbS3+OlnoZU8o/30373qp4n2L7yZ7gvdd9PcoN5Jrk/T2bibfFuLfF927FX4b5YcS8H4M/oRyO/5n4B3gneDd4D0S9H4O3gv+UnK8nFO9+/j2shd4vyXfd4xxP/PBXuD9Acx5zfsT5c+0cwh8mL4fkT7eX8nxO/5R/D/wj+GzD5T/fpz3JMelU+T6izpn4P5mLs7KcJ/IUF+aDPO5yn8kVbJ9HjgvnA9OkTIfe4FPF91X/mNDQenpC0mxLwNcSXJ9FxFfgZNg28EJsOVgG2w62ErBJjju4/zlu5Q81clTgZNg28EJsOVgG2w62ErBJjju46zmq0OeuuSpwEmw7eAE2HKwDTYdbKVgExz3NSz/j3DkaESuCmyDkw62wAkHm2A7BVsOjoNNX1NwM/I0J89VkuX4Nn4yxbfwEym+iW+f41spfhzf/Mdvjd8G7Tq27ELx+cKS6YuIx8f32BejLJbLfSWS42srft/1xNxAzE1oN6Pdgt+OfrXH7yCK7za0jjzT23m2ncjTBb6rVPaVwpfh34F/J/W649+F3wO/Jzl6wfUmTx/auRfuPvp+P/kekFt9D0p7X19J8/WD6482gLoDiR9EvcGi+h6GGyoNfMPwR4BHoj8CHg0eIzHfo1LDN1aivnGMcTxzNoExP0Y7fH98E6Wh7wlJ9z1JnaekqW8ydaZID9/T9H+qlPqmSS/fM7y308k/Qwp8M9FnkW82OZ6Tmr45Uss3l77ME7dvvrh8fDN8i4h5nvyL4ZfAl/9K5lL45fBxcpqM26I9mz4myJkk/wq0ldR5Ce5lxv0KMa8Sy93dt5rYNeRai7aOdl+nzTeIWY/2FvnfJvYdtHeJ2cBYOE/6NtHmZrQtxH2Av5Uc24j5EP8j5vJj6nwi/Xyfon0GvwOO74dvF/puYj+H/wJ/L3P0FXgfY/0a/xs0viG+76i/n35/LwHfAQn6fiTmIG1yl/T9LE18v9CXQ3Kl7zB9OEJuzpS+3+GOUvcP2jsG/6c87ztOvpNop6j3F/VOU+cMz/Rs+R8CE6/C/UxxSY7iFrfCmVLxgRUw3xFFl0zFL4rCuVAJiUcxiOd+plSS1spF0krhfqZUgatKfDVxKRdLunIpXHW4y6SBUkNylSzRlZr4tajP2lXqgOui1ZMmSn30bHADyVZyRFVYk0oefiP8fPwr8K/Eb0IdzmYK9zSlOfgquKvxr8Vvgd9SfAprTGkDLqQMo0fArC+Fs49SDC5hHNfjs7aUG/E5wyi30Kd24Fvh2lN2wOd+pnA/UzqRg7WldGW8pdTtBr6DmDsZT3d8zhAKZwiFc4bSS2JKbylR+khV5R6ppdwrlyv3SUPlAWIeZD77kushcH8pVQbQxkCpqQyincHkG0K+oWjDiBkuNZQR0lRhH1dGoY1mXsfQ1lj8cfjjwezNyuPwE/GfBD9F/Un0fzLaFLinwVPJM412p6PPgHuWvszEn4X2HNwc6s8Fz0NjTSkLGONCnh37sLIYbQnaC2hL0ZahLUeL0y9TChSbmAR8kufDXqysIH4lfXiJOuzFyqvUW4X+Gvxqxsp+rKyDf536b1Kup3ybkvWkvEv9DdJNeY849mNlMzzrSXkf/AH1t8KzHysf0nf2Y+UT8HbqsR8rO5ivnbxDuyRL2U3cHvjPqfsn2nHq8s4r7J8K9yjlDCXvuyriVnnfVZcoqofSi88iUFVKnZJ3XeVdV7knqYY8r2bIYrWSpKkX8U9lKVYz0augVQVXQ7tYStRL4Nj71OrgGtTNAtcUj1pLctTL0WpLrlqHsi58PfLwzqvZlA3wc4lvKJlqHn4jupEvmtoY/Ur4JmKpBdJAbYrWTMrU5hJQr4a/RpLqteRrQf1W+K2lVG0jBSrvvcp7r/Leq0W0HaVeMVwJfWkrPpV9Rb1BWqk30t5N1L8FjXdfvZU43n31NvyOzMPtaJ3BnLXVrvhl4G7UuZOyOyXvvdqDnOwpam9wH2LuAd8Ldx99551XH5QaKu+82o9+sJ+oA2SROpD5HMScDRaXyn6iDpV0dRh1h1NvBOVIcjxCm6MYy2jqjmGOH6X+WOmpjiPveNqeIA3Vx6k7Ef0J4p6Ef4p6k6SpOpnYKRJTn2Y804h5Bm261FRnSLb6LHM7C2423HPkmUM7c4mbBz+fmAoteR7NdrTEeTTL0ezzaKajWf9FM8+jxdUX0JbiL6Ovy+Hi9M/kGVuM9/9pSUezHS09RUs4mnWeerajmY5mpmjWOVpqTtPR4v/WXkJ7mT6+As8+qq4Cc/5W11Cupc/r4Dl/q2/ir2ecb0ll9W24d+E2wL0H3siz2YS2Be59uA/gttLeNviP4D6G+4T3Yzs8a17dgb8TvIt3Y7e0VdlD1S/g9lLnS/J8hbaPupzD1W/hv8Pfj885XP0B/0f8g/g/4//CO3eI3Id5b47wXrF/qr+Dj5LrD2KOMYY/iT8Bf5Lxn5Ja6l/4p3m3/4Y7K7lskdlamuhauqRpLqmpuUXV2EM1n5iaIrU0FV+TGhr7qMZ5XAuKpYWIN4jPEFurhF4ZPlN6aVWkh1aVuGqiaRdLb+0S6aNVR7tMemo1pK+WBVcL/3LJ0WqLX6sLrke++vjZktRy8HOp31ASWiNwPmVjfL4lWhNxawXi0ZrSXjNwc3FpfEu0a8SrXSulWgsp0/iWaK0loLUh93X0MYwfIX8RY+FbosWoWwzfFv56xn4DY78R/ibGfTN5biFPO2I4p2odqHebDNM6Ene7jNA6wXcmrkJLd7RkimY7WoGjJVI0y9FMR7NTNPOcnNZ/0cwULa7xPdO6E38Xc383c9+DvvZE60U/K7T0FC3paLajFaRoCUezHM1M0WxHM8+T0/ovmulocY3vqfYgfl/ep3707SHep/5oA3i2g9AGow1BexhtKPww9OFoI9EeQRuFNhptDBrnCG2cxLTxUqJxjtAeJ3Yi2hPSSntSWmiT4CbDTZGo9jRxfEe1Zyin48+QJdqzslibydhnyUKNc4Q2B41vlzZPsrQF+AvxF5F7MXgJfXiB3Et5nzmXa3HeU5N3xiLWhkvCvUibK8i9knf7ZfxX0F+V1toqaanxLdHWELuWnOuYq9elssb5QVtP+2/BvQ33jjTRNsC9R26+Jdomcm0m5/twHzCmrcRtI+5DcnJ+0D6B2w73KdxnxO2E20X/d0tVbQ/9/QJ/L9qXPFO+Jdo+8n7NHH4L/x3rZz/v+ffwB1hDnMe1g/TvJ/Jwr9d+gT9E/GHa+BXtN7Tf4Y+i/wF3DJ27vXaCdXIS/hS5+J5op6WbxvdEOyu1OIKYeprU1NNF1V1i6ZxRdK/U0H1gBV7lSK6h+eEDcEFJ00Ni6wZcBnUrSY7O90TPhC//deyq4tGrwV2Mzrlcrw5/GVwN/Cxx63xP9MslU69NTB20uvD14bKlit5Aquo5Uk3PhcuD456s59NmY/wriL0SvYloOnddvRl9a04/r2IMV1NyLtdbSFRvSVutyN9aWuhtJFe/jrp8V/QIMUWSpUfxOaPoJdJFbyul+vXkvQHuRvybpI/OGUVvRxxnFL099TugdYS7nX50kqTeGb8L4y+FK5NsvRtt3iGt9Dvhu9PmXYyL+6/ek7KXNNR7k6sPGvdf/T76dj99ewCfM7rel7H0Y844r+gDKAfS5iBiBjPOIcRwRteH4Q+n7RG0ORLuEWJGMfbRjOdR9LHkHyeV9fHwE5jfx4iZCP8E+Z6Ee4r6k8g3Gf5p+KnET6Ofz9Bn1pg+A/5Z4jir67PRn2NO5kg3fS78fPwFtLUQfRHP4nlyLYZnj9aXknMZeDnPK86zMxkL53Q9QbtJtBfhVlCP+6/+Ev7L1GXf1lcR8xrjWc1zW0OdtXDraIN9Wy//xfb14tO5/+pvU/cd6r2L/h7aRsa7iTqb6ccWOO6/+lb6v01i+ofEfiSL9Y9lif4J7W2Xpjp7t76D+J2Mdxdzvgf/c9r9An0vz+1L6nyFto9c7N06e7fO/VffT5vf048DtPMD8T/S7kFifpKE/gtxh/APU+8I6+JX0fXf4di/9T+YN+4B+nFynKBPJxn/X/in8c+A/6avZyXmTxPxp8vDfpcM87ulpZ+92++TqF9BU0Xza+L3s9b8Acn0B/FDaBn4laSm/yLJ9VeGq4JfVRr4q0m2/2Jp6Ged+atLlv8yyfHXkBr+LDjWmZ99219bSv11pI+/rqT564niz4ZvIM38OeTPhWsobfzs3f586jWmrSvox5Vi+ZtI0l9AzqbkaCblv33e0H+VpPuvFp+fteZvAd9SyvytyN+aONaa/zryF4rHHyZ3RAr83IX9MXAxfS4Rr7+tuP3XU/8GYm6Upv6bqMN687eDu5W67aXY34GctxHbkXqd0DoT04WxdqW9UvQy8najj+xf/u7kuYvYu6nbg9w9qduLer2J60M91pz/PrT78R9AexCtL21xL/b3hx/AmAeiDUIbTM4h9OlhYoYSM5yYEcSMRHtEuvlHSU//aHjWnH8s/Dj48fAT6MNj1Hmcq9wTaE+iPUXcJPo1WUz/FPr9NLFTmYNn0Kejz8B/lroziZklup99zT+HOnPJNQ9tPjEL6NdC6edfxLjY2/xLZHH5L8P7l8rz/mX0czlxcXKYssTPuvMnqJuk3os8uxVoK+nTSzzfl8nxKvoq2n+NnKtpbw39WkvMOtp/nZxvUI+1518vtp97sv8d8LtyuX8Dz/Y94jbSziae8WZit0gTP2vPv5VxbUP7EO4j2vqYXNvhP6WNz9B2kHMnedjr/Lsl4d9D7s95f/YS8yXlV3Klfx9j+5p87HX+78Dsdf7vyXeAej+Q80fys/b8P/HMWXv+Q+iH0Y+g/4r2G9rvtHcU/Rj6n+jH0U+gn0Q/hf4X+ml09jv/WfFwJO4VSJOegXTxBVxSFmC/C3glJ8D5OaCIElDhNckO6HJ5wC99AtzNAyF4Az5DRgQqiTdwkbgDlWVYIJN8VWR4oCp6NUkLXELspdIqUF3aBNjzAjWkZSCL+JrotdBro9ehnbpiBerRJmsx0ID+5EiDQK40DLDnBRqxzebjN8bnHB1oQv0CyQw0JUczcjYnD+fowDViB7iTB1rAtaQ/rYhrA3+dJAKFkgyE0SLSJMAaDMREC3CODpTAXY9/g0QD5X+74SYpDrD+Au2kR4D1F2hPX7iTBzpKjQB38kAnyQp0we9KXCl1ytC7EXsHfb+TPnZHv4vYu+lTT+J60XZv2u5D31h7gfso74d7AO5B+tmXPvajrw8xl/3pz0BiBkn5L/p7A0PgWHuBocSx9gIj4EcSy34XGIU2mpgx6JwnA+PQxqNNgH8M/nF41l6Au3mA/S7A2gtMJv8U9Knw08DTKWfw3GdSzqLfrLnAHPx5lPPxF1IuwmetBZYw3hcY31LGu4yxLqd+nOdhodnMSwIuSRsvErOCd2Ul7XKWDLxCe6/Sl1XEvEY/VtP3NVL+dwIkwDoLvEGd8r9RsR79LbS3pTTwDuN4F549LrCR+drEfG1mvrYwxvfxP0Dfyvu0jT59SE7OlIFPaG87+FPe38/It4P6u+B3E7sH/Dn5v4DfSz+/JOYrYveRg30u8C3ad+TaTyz7XOAAcT8Q8yP1DhLzE2NlrQUOEXcY7gj6r8T9xlxwVw0cJZa1FvgT/Tj6Cd6tk4z5FDF/oZ1B+5s6Z6UhSycnmCbeYLooQZd4gm4pC7LfBX2SGVSkclCVKkFNXEFdfEEWZjAo7mCIeIPYDEkLVsK/iNhMtCrkqMp1tho+e17wEskNclcNss6CNaiTRXxN8tQSPXg59WrDc18N1qOsj5ZNTAPq5qA1hM8jXyPy5cM1JtcV5GwCz5012JSYZqIGr8K/WkqD10hBsAW4JXlaMYbW1LkOn3UWDIsdjFCnSALBKDgmiWAx/WCtBVlrwRukTfBG9JskFrwZ/hb4W+HbU3agT7dJ22BH+NuJ6STFwc5SEuwiDwW7opfSXjdi75Cs4J30oTv+3fg9qNcT3IuyN/3sQ3/vYdz3od0P9wDag5R90VhvwYfQBqANhBuExnoLcr4MPow2FI31FhwBNxLtEcpRaKPRxqCx3oLjpPxvNqQFJ1Byvgw+jjYR7Um0p+AmoU2mnIL2NNpUNPa64HS4GWjPUs5Em4U2G20O2ly4eWjzKRegLURbhMb6Cy6BewFtKSVnzOBytDga6y9owyXQWH/BF9FWoK1EY/0FX4F7FW0V5Wtoq9HWoLH+gq/DvYH2JuV6NM6YwbfR3kXbAPce2kbKTWib0bagsc8Ft8JtQ/uQ8iO0j9E+QfsU7TO4HWg7KXehsf6Ce9C40wX3wnHGDH5FyRkz+DXaN2jfobHPBb9HO0D5A9qPaAfRfkb7Be4QGmsveATtV7Tf0I6i/QF3DI19Lngc7QTaSTTOmcHTcGfQ/qY8W/6vk8UdShM95BIJucUb8khayEvpQ1PQVDQufyE/XACt/G/DhNAMtAy0i9Aqw3GvC3GvC1VFq4Z2MRrnzVB1uMvQWHuhLLSaaKy9EHtciD0uVFeUUD1pEKoPny3ZoRx4zpsh9rhQI8p86lwBvhLcBMydLtRMeobY30Lsb6FrwNeCW4JbgVuDWXOhQnAYXASOgmPgEnBbMHe50I3gm8A3g9uBbwW3B7OvhTqCbwd3BncBdwWXgbuB7wB3B98FZj8LsZ+FeoF7g+8B3wu+D/wA+EFwXzDnyFB/KQsNAA8CD4YfAubeFhoGHg4eCX4EPEpGhEZLr9AY6RN6FH4c/Hj4CeDHwROlIPQE8/AUeBKY+1qI+1poqgwLTSOG/Ss0A8xdLTQLPBv8HHgueB54Ppg9LLQI/Dx4CfgF8FLwcnAcbII5K4YS4CR4BXglmHNi6BXwq+BV4NXgNeC14NfBb4DfBL8Ffhv8DngD+D3wRvBm8Bbw++Ct4G1g7mQh9qrQJxINbZfiEPex0A74nfC7wXskJ8Q6Ce2FY52E9oG/lszQN2DWSGg/79L3ooUO8P78iH+QHD+hsTeFDlHnMPhX8G/g38F/gI8R8yf4BPgkc3sKfBp8Bvy3pBnlf06Ys5+RDnaDPWAvWAGrYA3M3csIgINgKhgZUmCwFozKkmmwFoyqYPYg42Iw68CoDmYdGFngmtLP4JxnsAaMOvDcuYz64GxwA3AuuKEMM/LA+eDGtHMFmH3HKAA3lRFGM+ljNJdexlW0ew38tZJjtJBioyU5WsG1po021ClEC4vHiEi6USReIyo+IyaKUYxWQhttib+euqwH4ybRjZsl17gFjb3HaC+lBuvB6IjPHcvojN+F3KXgMrhu4ja4XxnsNwb7jdGDvrHfGL3BfcD3gNlrjPvB7DVGX3A/8ENg9hljIJh9xhgCfphyqKjGMPozAn8kfeNMZ4wGj6FPj0o7Yzx4Avxj8BPBT1CyDoxJ1JkMZh0YUxk368BgHRgzwKwDg3VgzAazDgzWgTEPzDowWAfGIsrnmZfFjOUF/KUSM5aJaSyHj5PXZLysBSMh3QzWgvEisSvxX5KmxstSZrwiS4xV+K9JlrFaLGMN9dlHjNelhvEG+E1yrCfHW8zd29RhHzE28OzYR4yN1N0kw40tcO+jfQC3DcyaMLgrGR9LVYO7kvEpY/6MOdhBjp3E7ULbA/85ffkCnrVhfIn2Ffw+dM5vxrdSYnxH+/slanwPf4BnzPowDvIusD6Mn3nWh/DZPwzuScavUtP4Df53xnSU58LZzfiTOTmOdgL+JJj9wzgNPkO+v+HPSlqGSGZGukiGS3pmcG7L8EhBhg9fkWEZqvTJ0KR3hi7eDD+xAWmVEZQ2GayXjAzJyqgkWkZlcKZYGVXEzKhKTDViuR9lXCo1M6r/H2vnGR9V9X39DRMgIQhOuVPulERESQELDFiQpkCCCkhVIYAFAqgUC0izYxcrIKCoCJY5t6ioWMCC/uyAiopdAXvvvfB8SY54GTMk+vxf8Dlrr7X2PuXOufecN0RS/qTs5mfP+IvxsGf82/7WEmc2fxsp9O9BDfaNvwSNfePnzOYvR2uH1h6NvePfRyr8+0offwf67ihl/rSU+jtJiX8/tP3p6wB8B0qVvws5BzGHrvTXTUb5+Y74e0iBn/3jP4S8XvTRW9r5+1CPb4m/khqHoh1GzuHMux9cf3wD4Pme+AdRZzBjGcI8hjJP9pCfPeQ/Gn44/AhyqshlH/lHwx/DOh6L9zh0vit+viv+anzjmNN41nEC63gC/In4+Lb4J8FNhpvCeE6WSv8pUu7n++I/jZypzGsa+HTqTWcOM8iZydhmMXe+M36+M/6z0M8Bnws+D8ze8l8AZm/52Vv+S8CXgueCLyefveW/ipbzmn+e5Pvn088CmeO/Vhb6F7J+i6i/WBb4r2P+18tw/xJx/DfQN3vMvxTvzcyDb43/FvCt4NsY7+2MR8FZcDacA+fC8b3xc1fyrwDzvfHfi74S/T64++EehFsFXg1+CO1hNL45/jWyzP+YLPU/Lsv93JP8TzKmpxjP04z7WeLniNcSr5NqP3vMzx7zvwi/Af9L5L4C3kitV6n5GvobxOwv/1vkvI2Xb49/E7+NzeRvYW7vE7O3/B/i5W7k/5g1+xTuM34nn5PzBZ4v0fn++Dmb+Tmb+b9nrX6k/Qkv+8r/K/g3+vidufxBv39KXoDvT6CRNApwJgvkETcRX6CpNAk0k/xAvlQHCiQdaC5GoFAqt/3hvkBLNO5DgV3J8UtBgD0VMKQ8EEaPkMOeCsSow3cokMCTxJMiv5h4N5kSaA3XBsx3KLAnWlu0UuIy4nLidsR7Ee9Nv/sQdwB3JC+N3hm8H3h/MN+hQBfwQeBu4O7024N+e8rYbX+BKXAIuBdtb+r1YVyVePrCHQp3GNzhUhXoJ6lAfxkVGAA+gnkNRBuMbwjzGSolGrtgW2MHbGlsg5XGlgcrcCbAdyswkjqjqFOLXbCtsQO2NLbBSmPLgxU4E2BvBqqpM446tdgF2xo7YEtjG6w0tjxYgTOBSeDJ1JlCnVrsgm2NHbClsQ1WGlserMCZAN/PwHTqzJBSjV2wrbEDtjS2wUpjy4MVOBPgWxvgWxs4l/HUYhdsa+yALY1tsNLY8mAFzgR4fwQuoc6l/FYuQ5+L/wq4K6UwcBW/jat5ptfIiMA84vkSDizAxzc6sEi6BhZLn8B1xEuIb6DGjYzlJua1FI47X2A5+bdQ81YpC3DnC2TglBQFLGra5Dr8rlz0O9DvRF+Bfje/I+58gXslElgJx7k18AB1HiRvFb+31XAPwz1CX4+Su0YmBR7jN/s4nv8xhr81X5bmerR0luZ4NJWl2Tupae1EUwHumoG17Jl1zOl58Av4X5SZgQ2M8yXm8TLr+Yq0C2yU2Vr3ad3Vuo3uePS01h2tW+i2R1dat7WusvL/qm95dLsOXWk9g27V6G+jv8O43yXeJJ0Cm/lNbJHiwHv4ajUXzefRbI/moKXRSrVmeTQbTXnylEezsmp6NZWlZWo03umBz1jzz3kGX9B+yZi/og5npsA3deouug/dzqE76Gl0K4duoyt0lUO3dP1cutJ6pkbnnhP4RZoFfuUdy7cmwBku8Af8n4x/qxhcW8Zv+ytxWT7X47Px2Tl8jsdn4bNy+GyPT+FTOXxWA33K48vgy/zlC3JPCxYwjuYyM1gopcEWUh7cRYqDLaVAaz6tOWgumu3R0lqz0Rw0y6MprVloNpqqo6ZCs3JoGTSFlqnRDLSwNApGZFAwKmODMWkWNHkecXBC8oJJxp2SUQ3wuQ30OQ302Q30WQ30qRrfHvj2JKetlARLJBUsxV/GHMvJ5b4bbM+a1O1xG+BxGuCxG+CxGuBRO3jSeDpJdbCzjAnuJ02DnIWCB0h+sAv8tr8/2ZXfZDfWpDttD+Ke6AdLUbAXem/pHuwjfYIVUhGspG5f+joM/nAJBfvJbsEBYO7jwYHkc5YJDmEcnHeCw1i3I8FHww3HN4J6VbQjGQ/3iSD3ieBxtMfTcuYIVkvz4DgpDI6XFsEJjI17efAkNM4RQc4gwZNpT5HKIHeI4FTwNOqdDp4Bngk/C8zdIXgmOXzrg+dQ4zzaObQX0F4Iz3c/eAlz5E4enMuz504e5N4QvArMnTzInTw4H8ydPMj3PriIHO7kQe7kwSXw3MmD3BeCS1kjvvXB5TIyeAu/m1ulKngb63s7+4j7QtCiT5tch9gFc18I3iUzgnfT3iOzg/eCV/Js+M4HH6DWg/wGV/EeWM0aPkT8CPyjtGtY48fIfxz9f8RPwj9F+zTeZ/A+y/quhVvHc18vjbf9lckg94XgBrSXWM+XWc9XmO9Gcl6Df521fQOeO0PwLdq3yefOENxE3mbytzCP9/C/zzP6AO4jtI9pP0H7FO0ztM/RvmBuX8Jzbwh+Q/st+nfo36P/gM69PPgTa/UL+q/gbX9V9Xd07g/BP9G3Sh5XgPwQ9/IQ9/JQnjQKNQU3o82XglCBGKFCYt6LId5voZZSGuJOHvKjB9CD6OzpUJhc7uShGNgEx8FJcApcBN4N3Bq8O5h9EtoT3BbM3SFUBmaPhNqD9wLvDd4X3AHcEdwJ3Bm8H/gA8IHgLuCu4G4yM9Sd8fcEc28IHSLNQr0YUx/iCtpKaRLqC8e9IXQ4XD/pFOovHUIDpCh0hIRCg+AGM7cheIZScxhzYq+E2Cuh4eSMoPZI8ChpHhpNvWPwHCtloePwjIEfy1iqZWRoHPx4/BPoj/0SOkn6hCZKZWgS/GQpDk2RVOgU+FOlInSa9A1NpcY01vJ0CYemU3sGvpnUmY3nDMZ2Js+Fe3eIe3eIs3ToPLG3/UXQ0PnwFzDGC8lnD4Uuoc9L6fMy2rnwnJ1DV0r30FXSNXQ18TWMYz4c+yh0Lb6F+BbRLkZjL4WWyJQQeynEXgotZR1uZkzcvUPcvUPspdDt4Ay6wm8xf4fYpe87ZFDoThkS4swcupt53ku7knFy7w7dj/8BvLWcD87N4tJwThan4Ow6cq06OLWd4y4fWsOYH2NM/wM/wfyeZOxPsU5Py8mhZxjbs3Jo6Dn8a/Gvx/M8OmfN0IuMY4MUhl6G45wZYm+GuM+HXuP38bp0Dr1BP28yJs57oXfIf5f8zeAtrNl7xB+AP+R38xF5HxNztgp9Rvw5Nb5g7b4i/hr8Dc/tWzzfgX+A+xGN80noF347v0p16DcZH+J8EvoTbquMZTtVG41kttFYGhl5IkYTyTOaSpXRTEYZ+egF0sRgTxotxDBa0rai3VWaGwHZdkAba4TIC4MjUmBEpbHBfd4wyYlLM4M9aaTARXDF6LuBd4drQ86etG3FZ7AnjTLadrTtyWFPGnvLGGMfxrAvY+sgI42OcGkpNTpJU6Oz5Bv74z2A+EBRRhfGcpBUGF2pybfM6C5ho4eUGz3RD8HXSyyjN3of9Aq8lVJm9BXXOFQc4zCxjX54+lNzALl8zwzu9cYgxjsEfij8MOZ7JHlHoR2Nh31qcOc2RtKOghstKeMY+jtWio3j0I+nL75rBndsY5y0M8bjmSCFBvvUOAk8kbxJ+CdLyOAebbBPjVPp5zT4qbLMmMZ8T5flBt83YyZ9z0KbTf9noJ8FdzZ9nEOdc2nPkz7GHGqdz1wvwHsR+sXUvIS+L0W/jNy55F0u3YwrpIdxpXQ1uOca1+CbBz8ffYFUGtfS50LmsYh6ixk/e9VYwphvYC1vlLSxlPhmnsEynsct4FvJuU36GtxxDYVuSSeDvWq4MtO4Q2YZd4FX8FvgfmvcQ517Gf9KPPdJR+N+ch+gj1V4VqM/hO9hPI/geRTPGjyP4XkczxN4nmRuTzHHp6XEeAbMPdNYyzNcB7deOhvPM58XmOsG+Jeo9zLzegXvRvRXWZPXaHfUbDRXa26WZqE5WnOyNIVma82uQ7O0ZmVpGTSlNWXw3TU2MebNrPcW9sT7xB/g/ZBxfsTz+JicT4g/Jf6MWn/rbpbuovs8upOlO+hpj25n6Ta68uhWlm5l1VdZuqrRv0X/jvlwBjA4Axg/Ef/M8/gF7688w994lr/z+/qD/bxVhFfFEeFGUhJuLE3CPskL5xE3kabhppIfbiZGOF9GhQukUbi5NA+3wL8LuCV8KykL74rmJyeAn4NE2JDCcFjC4Sg4Jr6wCR9HT1A7iZaSgnCRjAwXS8dwazy7o7Whnz3Q98TbVirDJdIsXIqnHL2dVIfbg3kHhfeG34c+98XfgTzO0uFO8J3h9yPeH/4A/Afi74KP80G4Gzrng3APuJ54tv1F60PQeqP1Ia6g30r65YwQPpQ5HYb3cObZDz/n6fARxAOlPMz7JzwYjnNCeCjzGCY9wkeSyzkhPBzPCPQq6oxEH4VvNDnH4ONcHT6edgyesWicFcLjyB3PkWmCFIVPIO9E8ibim4RnMvoUmRI+mbGcgnYqOafRz1RyplFzOr4Z8DPJ4T0Uno3/DPQzZXL4LPo5G9+5eM5jjnPQeA+FL8B/IXUuwn8x+iXU5twdngt/OTWvwHsl3qvQrqbWNdTmzBBegI/3UHghvkVwi1mX6/Bcj/8G9Bvhb8K/lDXnXRRehne5dA7fgvc29NulIpyhhsJnSZ+wje4wDpcanMPDd6GtoObd1LsH7V58K9HvQ7+f39CDeFbxe1iN/hDcw9R9BM+jeNbgf4z6jzNn3klhvvlhzuPhp9GeYTzPMtfnGNNa/OtkTHg9NZ4nhzN5eAPaS/heJucVcjYyjlfRXpOq8Bvob8K/Rfw2v+130N9lTptYp808L87lYfZf+AP6/pCxfcS8PhYV/gQf+zfM+yH8BfqX1PiKPr6mr2/QvqUe5/Lw9/T1I/pP6D8zpl8kHf4V7Tc8vxNzBghvleERkRGRRnzCG0thxCfNInkyMtJE8rf9Pe8I54BIvlRFmotECqUk0kJKI7vgaYneCn1XaRXhLBAJSlkkRL6BFkaLUCNKTRMtjicBn5TKSEoqIsVwu+FpDbc7bRu8e1BrT3wlaKXUKiMuR28nVqS92JG9GMM+aPtKeaQDuCN8WhpFOkmTSGcpiuwnIa27Wvfl0B2tp3PottZVDt2qp77KqXdD5/0Q4a4d4a4d4XwS6SVjI73BFeBKfH3B3LMjvBci/Zhrf2kXGcA6DoQbRN+DqT+EfN4LkWF4joI/mj6Gs1YjWL8q6nM2iYyCGy15kWPROZdEjkcbI40jY+Gr4cfDT4DnnRA5kbGeRN5EtEn0NQXtZPynUOdUuNPwTAVPw887ITIDjndCZBae2eTxTohwNomcDXcOnnPp5zxqzmEu5zPGC9EuwnsxGneIyKXwl/FbmMtvgTtE5ErqX0Wdq9F5H0Tm4V0Afy0td4jIItrF9HEd+vXUXgJ3A+twI+txE+NdynpzL48sh7+F2rdS7zb8t0tBJCORiIVmEzvoLtwdcHfi4z4RuZs1voffdS12wbbGDtjS2AYrjS0PVuBMhLNMZDV1HqJOLXbBtsYO2NLYBiuNLQ9W4EyEO0XkCdbhScb5FHN+mrE+C8d9IrKWua+De56Y807kRbgNxNwnIrxXIhvJexXuNbjXWZM34d9izm/jfQftXRkf2YRvC/x7cO/j/QDvh7Iw8jHcJ8Sfwn+G53P4L8j9knl8xby+Zr34zkf4zke+R/uBej/i/Qnvz9It8ot0jfyK/zeew+/U470S2Sr50W3/pVEjaRRtLEaUu0WUd0qUd0qU+36Ud0qUd0q0EK4FHN/5aEspjHLfj/qJA/BBPCHJixrSKhqGo2A0Js2iJlqcmgn4pDSJFsEXo3O/iLaGa0PM+yS6J3Fb4hIZGS2DK4drB9cebi849muU73u0gzSOdqReWppHO6F1xscdI3oAfR2IvwvxQfBd8XaH74GvJxzf9+gh8L2Ie+PrA1eBh298tK/4oodKy+hh8IdLWbQ/edwxokcQD2ROg/ANxjeE/KEyLjpMItEjpTJ6lHSPDsc7Am8VGns5OgrvaPAx5B7LOI9HH0PMNz5aLR2j42RMdLykoxOkQ5R7RvQkKY9OlILoJCmJTpbi6Mlwp1D7VKmInkbOVOpNY0ynS5/odGrOoI+ZrMdsfOzl6JnEZ0nXKPs5eg41zoOfI1Oi5/OM2MvRi6hxsZRG2ctRvu3RufR3Of1dgfdKNO4YUe4Y0Xm086m3gNrX4lmIZzH8dXDXk7uE9gY8N8LfhGcpc2MfR5fL2Ogt+G8VK3ob42cfe3gX3gdvZ/EOfBreyuJteAWvsnhL18nmleYzNfwd8HfKKdG7GM8Kcu5mPPfswLvwPng7i3fg0/BWFm/DK3iVxVu6TjavNJ+p4XlfRFfL8uhDjOdhxvII3KPkroH7W3PRbK35sjQHzdJaOkuz0ZTWVJZmebTsmgots4P2NNozMiv6LON8jnGuRVtHjfVwf2sumq01X5bmoFlaS2dpNprSmsrSLI+WXVOhZXbQXkHbyG/vVcbJ/Sz6OmN9A/1v3oX3wdtZvAOfhreyeFvXUVm8petk80rzmRp+M/wWfofvMZ73yfmA8Xy4A+/C++DtLN6BT8NbWbwNr+BVFm/pOtm80nymhud8Gf0S7ivezV8zpm9ov2VM323XfFpz0Ww026OlteagWWiWR/urpo2m0FQdNa2daAotg5ap0X5F+w3/77Is+gfj/BPPVimOyXbNpzUXzUazPVpaaw6ahWbVkWejKTRVh2btRFNoGbTMNi3WTCSWz7gKpDzWXKpihTIq1oJ4FymJtdxBdz26je7L0h2PbqGns3Tboyt0laVbWXp2feXRM9t1Az0sA2MRxh9Fj6Gb+OOMP7GD7np0G92XpTse3UJPZ+m2R1foKku3svTs+sqjZ7bru6O3kfzYnrRtJS9WSlsmRoy7RqydNI+1lyaxvaR7jLNBbF+pjHWkTUurWGfa/fAdQHugFMa6SDjGnT/WDa0HbU9azvOxXrR9aCvw9qU9VMpih1H3cNkl1k9axvpL6xjngBh3/dhA8CBpERuCbyj9DmM8R0qj2FHkcAaIjZCmsSoZH+OeHxtNfAzxscTH4TkebixcNe04ao1nnhNkZOwE+joJfiJjnMQYuePHprAOp8CdSj7f/9hUGRebJtWx02mnw82Am0kNvv+xM8B8/2NnMf6zGdM5jInvf2wO+Hz6uIC+L8TLGSB2Mb5L0S4Dz4W7XMbErpCxsSulInYVa3c13Dz0+fxWFpB3Leu/iHgxY7uOsXEGiHG3j91I/k3gpazFzWjLmMNynv8tYO72sdsZQ4a1U8QWdWyerQt/B3XvpJ+76G+F9IndA3cv3Ermex/zfoD4QXJXkbuaXL6ZMb59sUeowfetDt1F9+1Ed9DTO9FtdLUT3aqnvtpBfwr9adbwGZ7Fc+C18OtYq/U8u+dZ5xeY4wb4l+BfhuceENuI9iraa2hvoL3Jc3sL/W20d6Rx7F3620Q97gExvjGx99m3tdgF2xo7YEtjG6w0tjxYgTOxz8CfU+8L+vgK/DX4G/B34O8Zxw/gn8A/y5TYL+DfwL9LUewP8FYRU6TS5I5g+sB5YphNwLyDzHyZYxaAC8Et4LkfmK3Au4L94CA4JEWmAY6Ao+AYOA5OgJNg7gVmsdxs7gZm35ttyN0D3BZcgqcUXA5uJyVmewmZe6HvLWFzX7gOMsLsKFVmWkaanSTf7CzNTO4E5gGy3DyQvC6yzDxIlprc6c3ukmf2kCZmTyk1D5Z2Zi+43tTvI2VmBd5KvIfCHSaF5uF4+knaHEB8hDQ1B5I3CH6wlJtD8A6l1jA47vXm0cTDGVMVmHeAOQr/aNbrGOlrHgd3vIw1xxBXg8eRP57aE8jlTm/yDjAnkjtJKszJYplTmBfvAPNUtNPwTEWbJs3N0+UgczrzmyFdzZnkz6KP2fTLe8A8E89Z0sM8m3mcg36udDPPY15zJGWeL63NC6hzETUvFse8hD4uFde8TKaYc6WzeTnjukKUyd3evIp87vYmd3tzHvF85ruA3GuJeR+Yi2mvkxnm9TLLXELfN8h480bWfSnazdRdxviWk8edwLyVOpz9zdvpU6Fb8Db1HObCmdm8E/0uaq+g5t1SYN6DthL+Ptbqfqk2H5DG5oPgVTLGXE3dh/A9gs651VxDrcfIfRzP/+CfoOaT5HN+NJ8h91nwc+SsRVuHbz19vYDGXdzcQF8vsV6c68yN1HkV32t4Xkd7g9pvwb9N/A7r9i7rsUlamJups4Ua76N9gPYh2kdoH6N9gsZ93Pwc7Qvm/SW/0Vrsgm2NHbClsQ1WGlserMAZ8wfwj9T5iTq12AXbGjtgS2MbrDS2PFiBMyZ3e3OrlLPNSjR2wbbGDtjS2AYrjS0PVuBMnD0ez6dOgZRo7IJtjR2wpbENVhpbHqzAmfiuYD91AtSpxS7Y1tgBWxrbYKWx5cEKnIlzOIub1OEco7ELtjV2wJbGNlhpbHmwAmfivGfibajD+SLeVox4iTSKl0pevEyq4uXw7aRTDs3diebsRLN3olk70VSNxvkmnkbjfBPnfBPnfBM/UHzxg2i70nan7SGF8YNpD0HvxRx6U7ePFMQrpDheyXrxbosfhnY4fD/0/mgD0I5AG4Q2GG0I/FD0YfBHoh8NP5x4BHwV8Uj4UfhG8+9YtOOkLH68lMbHSJP4WDzVjGEc45+AdoLkx0/Ed5IMj0+UkfFJzGeyjIqfjHYK2qnUO00mxacRn048nXgG8Szi2cRnEJ9JfDbxOcTnEp9HfD7xBcQX0tfF4EvAl0pFfC74cvAVeK4Cc66JX4NnHvEC4muJFxIvIr6O+HriJcQ3EN9EvJSYc018GfEtxLcS30Z8OzHvsLhFzDss7hDzDovfSXwX8QpizjTxe4lXEt9HzJkh/iDxKuLVxA8TP0L8KPEaxvoY3P/gnoB7kvgp4meInyV+jngt8Xri54lfIH6R+CXil4lfId5InVfhXod7A+5NuLeI3yF+l3gT+mbiLfC8t+IfwH0I/gjuE+JPiT/D8znxF/CcCeJfw30D/pbn9x0a75P4j3A/wf2Mj3NBnHNB/He4P4i5u8W3SkVCpFGisUjCJ/mJPJmUaALXFC4frgCuOVwhXAspTHA+SHA+SOwK74cLwAXhuA8kwnARuCgcZ4QEL6BEAi5Jfoq4mHg34tZ4dsfTBp5zQoJzQqIEvpSYc0KiHbg9eG/wPuB98bN/EmlwJ/L2A+8PPkAKEgfi60KNg8CcERLd4XuAe8IfDH8IuDd8H/gKcCX5feEPBR8O3w++P/UHEA8kHkQ8mNyh4GHgI8HsocRwckbIyEQVHGeExCjJS4yWpoljpCxxLDWPx8MeSoyFr5axiXEyLjFeJicmiJE4QSKJE6V54iS8E6kzGe8U2pPxn0KNU/FMhZsm5YnT4acTz5CqxEwZlZglnRKzZYzW3Xp0px7drke36tFVTp27S2IOczkfjb2duBB8Ed6LpTTB3SVxGfFc1uBy9Cvg2d+Jq2mvkVaJeXDzWdNr4RbiXySdE4sllbiOdgncDaznjXg5pyRuBi8Ds78Tt4JvA2fACsydJeGAXfAd4LvAK8B3g+8FrwTfB2ZvJzibJFaBHwI/DOYukFgDfgz8OPgJ8JPgp8Ds68Sz4OfA68DreU7Ps1YvSHHiRX43tZwL54OzPZwDl4azPJwNp+CUh7N0rpdTmsvUcK/BvU6/b+B9k37f2s65cD4428M5cGk4y8PZcApOeThL53o5pblMDfceHHeUxAf0/SHP6SP6/ng774N34W1428On4R14C97y8ArehlfwKquOlYNX8Bn4TA3Pey7xNd5vGM+3jOc7xvP9dt4H78Lb8LaHT8M78Ba85eEVvA2v4FVWHSsHr+Az8Jkanvdp4nfG8gf+P6UksVWKk7Kdd+F98Da87eEd+DS8BW95eBtewSt45eEtXSebV5rPwGe28UnObEnOe0nOdcnmUpIsZDwttvMuvA/ehrc9vAOfhrfgLQ9vwyt4Ba88vKXrZPNK8xn4TA3P/TEZwm8wpjDjiTCe6HbeB+/C2/C2h0/DO/AWvOXhFbwNr+BVVh0rB6/gM/CZGp67arIY726MpzXj2Z3xtNnO++BdeBve9vBpeAfegrc8vIK34RW8yqpj5eAVfAY+U8PzvUu2EyO5F+3eMiW5jzRKdgB3lLFJzovJToyxM2Pdj3r/5F14Xx28A5+ug7fhVR28laOOquH5ria7y8hkD8bWU4qSB0vz5CFSluwl1cne0imH7mo9V76j9XQO3da6yqFb9dRX23W+80nOy8n+UpUcQHsEvoGs/SDmOVhGad3VuptDd7Tu5NBtrds5dEvrVg5daV39Qx+OPkKaJqukSXIk4x/FMxothcljwMfCHUfNHT2ux+Nqjy/L43g8jvakszy2x2Nrj8ryWB6PlaMv5fGo7R7uGMkTwCfiO4kxTGT+k5j7ZEklpzC3k6m3c4+Lp746Dp50PR4bj6rHYzWgL1XjmY5nBtxMaZacxTxmk3sG75kz+XcWz3VH3UVvjG6j23XoDnoa3UK36tBtdIWeQVd16Jaur3LoSuvb8jM1+gXoF5J3EWO/mN/gJeynWq4xnJvFpeGcLE7B2XXkWnVwajvHmTB5NZ5rZGZyHn3PZywLWLNrpTS5UFolF7HmtR6f9rjaY+Oxszxp7XG0x6rDo7TH1h6Fx8nRl+XxZNf5y6O0J7ODh7tpcim/k5vZy8t4T3F2Td7KnG+nzaAryU9a7A0b7FCLu2nyTvLvos8V1L1bZiTvYT73yvLkSmrcj/4A6/Mgfa3it7iaZ/kQz/JhydOauxPN2Ylm70SzdqKpOjXO0MknmdNTrMPTaM+An4Nby9jX8X1ZT84LxC/Cb2BeL0lFkvtx8hVyN0qf5Ku0rzHvN/C8KZXJt3i3v80+e4e1fBf/Jua5mVpbGFtuj4PHxeOrp46Dp76+bDyqHo/VgL5UjYd7fPJT3ouf8Vv4nPX4grl8Sf4/eRe+Lr8Dn66Dt+FVHbyVo46q4X+A/5Ex/MSz+pnf4y88y19ll+Rv+DiDat3Nof+V7+TQ01q3c+hK61Y99VUuPeUTSeVJeaqJFKSaSnGqmTRK5UuTVIFUpZqLkSqUilQL6aR9rvbZ9fgc7bPq8dnap+rxWQ30Ke3L5PRxxk2FpChloEfAUWmeihGbkk7FpTKVkOpUUuakUtI0VYzOmTTVWvJSuzOnNox3D5mS2pP1akvtEvoqZc3KqF9Ofjvy20srneerI8/15Nk58tI6z/bkOZ48K0eeqqM/25On/sU4rf+Ypzx5mX/kpcnrhN5Z8lP7SbPU/uQfQF8HwnVhTQ8iryvr2Y24uzRO9cDXE9/BPItDpDDVixq9eT511/HpOq6uY//HOmldx9F1rP9YR+k6tq6j/j/nZf0f1VG6TqbeOpyxU5zBU/1leGqAjEsdgW8gz3QQ+YN5XkPIH0rOMBmfOhL9KPbR0azfcGqNwFPFs6yt4ctRw21ADVvXSOeo4TSghqVrqBw17AbUUPXMxfo/qKEaUCOTOp4aY+hvLPuqmjrjeBbjpWNqgnRInQA+kXfdSVKSmoh/Es+g1u/z+F2P383y29qf9vgdj9/J8lvarzx+2+O3s/yqjvFYHr/VAL/y+FWWP5Oain8aa3q6hFPTqTeDNZnJOsxCn03OGeSeKanUWazt2azrOTyDHXN85Ljk2P8iJ02OQ471L3IUOTY56l+OzfoPOYqczE5zLiLnYmpfwrfxUn57l8HN5d1xOb/HK1jDK8m9inWs9fly+Fzts7UvncPnaJ+lfSqHz9Y+VU+/VgN9SvsyqYX4FlF/MbnXoV9PzhLmeQP+G1mTm/AtZR/ezLtwGfNeju/vHJ8nx82RY2flpD05To4cy5NjkaM8OXaOHLWTsVn/IUflyMnU5Fjk2LSOjE25rOkdrNmd6HfxW1qB/27Wqtbj83jcLI+tPWmPx8ny/NWX8njsLI+qoy+rAR6V5cmkHsSzitzVfP8e4rfzMPN6hHV4FP8a2sfwPc7can0+j8+tw2drX9rjc+rwWdqnPD67Dp+qo1+rgT5Vhy+Tehbfc9RYy3Nfx1zX8154Hu0F5vgieRvwvsT54GXeFbVen/a6Hq+dw5vWXsfjtXJ4lfbaHq+qZwzWv/AqjzfzD++beN+i3ttw78ig1Lv87jfJzanNsiy1hXV5j/V4nz3wgYzRXl8Or4vXzvKmc3gdvFaWV+Xw2nhVA8dg/QuvwpvZ7v0cL/fd1Jes2Vf4v2bu38jM1LeyMPUda/c96/AD55Mf+R39RJ1av8/jd7P8dh3+tMfvZPmtOvzK47ez/Kqe8Vj/0q+y/Jkd/H/i3ypWkUhpUSPJK2os5UU+KSjKY11qNZ9Hc7Vmay3t0RytWVpTHs3WmqqjprUTTWktU1QoUtRCSop2kYFFLdFbkberNC3yS35RgDEHpVFRSFoVGfjDMr4oItVFUSmuI8/nyXNz5Nl15KU9eU6OPKuOPOXJs3PkqXrGaf3HPJUjL1PEIhcVS9+i3WRmUWvq784atsGzB2u2pzQraisjikqkqqiUOjt6fXhd7bXr8abxOtpr1eNVeG3tVQ0Yg/UvvEp7M//w7oN3X8bZgfl3xJNm/p3E8PCu5m1428M7/49Usw63olrD+AdDI+JVQEHg7Dx7zz4YVwcsyiIUA2zKouwurqIiNtid2M5aa8a4dnd3F3Z3d9yfnCUshtn7nMP9g+es9b6/91vfWjOz957nweoaXTu6sbpCV46uq+jK6iF6WDcQfRDXaDD8EPofKofUrUtv68GsT28Lfc/xY+sbxw8cP7K+dnzl+Mb6qkp93YSvrB/WbYS/sbStG8U9yHt23aZyed1m0rduc+7D0exjUd9L+HHCDxJ+lPBVwjdN1NdN+KpuW/zt4MZyb4yj3/HsawLnPpF7YntyO/B3R+6dnaR/3c4y3PKe5WPLG3hTgw8sH1lew+savLK8sbyCV83oR7eQV5YP4cNUflf43TiX3fH2QN+Tc9tLJtbtDbcP6zX6cRXfs35UxQ+sb6r4yvq6ifqqqn8wPu/OdbzT1v0H71D0w9jbDJlUdzj38xFkjoRv5GI4rxlcBBc0gzNwqhmcbua6qkmO98a649nvCdQ8UUbUzZa6ujnc7yfhn4x/Cns8Fb+Ri+G8KlwEF1suggtq1IssZ+BUDc5YTtdY929OW041wak63v3qzuX78Dz089nXBZwF7791F1FjoTcBL7ZejOclvMh6EV6QqGmsZ/CS62nr6UTNvz1lPTXfuwLvSta6imt3NXsJpVOdok8NY7iO6X5s/Wr5yPpBE76q4usm6qsF/n/xb6DfG5nfxP5u5hrcwvxW+Nv4DLmd+7GRiRNMnMJECSZKYUyCMSmMTjA6hVEJRi3C3AdzP9fsAfwHyT8E+zD7WlT3rB4n9MDqUUJXVjdV6ugquqp7Cv1pvque4fPsWfp4DvZ5vBfgXmT+En8XZWIYz2HiFCaCCRwmSmEMjHIYk8LoxFo6hVEJRs1n5sG8Cf8W+tvs4x3Yd7kO7+G9z/32gXSzjGeZuAYTWCaqwSjLmGaspZvBqFSG96+6L9C+5HfmV+zra+6rb/j98C331qJebD2DZxJeZD2NpxOesZ7CUwlP1/CU9UK8sO4XvF+5Rr/R4+8wf5D9k/FfMj0jMj7TivFCJraMBxM7TOwwkWUCmMhhIocxllEwxmGMw2hnLe0w2mGUwyiHUZkOIpmO0ibTSaJMZzGZpaRrpos0ZJYWnekqHTPLSCbzL2mbWVa6Z5aTvTPdJMh0lxFVcjE5z+ZMEznj5CJygc3pFqxnyCmbUy3IaafPluSUkwtTc73l7//I2jbTVzpk6qR9JkONLPMcZ8o7WIb3qgzvjJl6tJK0zpThfLiKtMs0SOdMP9ZZSabUqBNTx7N1zP9RJ6JOYOvo/6OOoY6yddT/UUc7+/p/6iinTthknYA6/bk2A1h/DTJrcm3WIrM23Dq8Fg/kjAaRGyzjMkNkamYozLpc8/Wot75My2yAtiH5xjoxdTxbxyxBndjWiagT2Dp6CepEto6hjrJ11BLUMbaOdva1JHW0raOcOuES1FGZUdTZhPPelJqbwWzO9RrNczdGhme2kLGZLWX1zFayWmZrmG2kbPkY3rO8aQYfwQeW11X4yOENvLK8qsIbh9dOP9V47fDK4cMqvJrPT4TfnnPbQXpkdqTGTuxrZ85oEtnJcFPgp0rfzDTOfBfOe1fOd9GMRyYmY1qQCchEZHQLMoqMIaNa2JtegowiE9bM7ENmX2mV2Y/7bH/mB/B5ciD35kGc38GseQjZ6ZxjdS6G8yxnanARXGA5XYMzcMpyqgannXVrccrhwsyRcDNZ4yj2NwvmaDLH8Ll4LMxx5HjHzPAOnDkRfjbP3xw+K09i/wtzcY2cl8gZJxfVyAWJnLY5Tc7UyKlETjnr6Rb06eZUC3Jh5kxyZ8nkzNmc5zlo53JvnQd7PtwFnNuFXIOL8BZyscN5ljOWix0ucrjActpykcMZh1OWU5YzDqdT1v2H0w6nUrjQcirD+27mSvZzFd+jV/MMhXyWK85H4xvqRPAx+27k4iqcZzljuagKF1hOW85U4ZTl/ulPN7HuP5xqggszN8LdxH5v5p7gPTlzK58jt/E5cjv+HezzTrJ34d1N9h5+bzTyseW9BG+q8JHlgwSvq/DG8irBqyq8rtJPNV5V4cPF+IfhH2H8qIzJPIb3uFyaeUIuyzzJmT3Fuk9zRs/wvDwrk2qwMawHa5rBRrABrG4Ga2AVrGoGq20PzWGVZcMF7Cuwr4qfeY19v06tNziveez9Tc7qLbSFfozvWd9YP3b8CD+wvrZ+5PgGX1lfWd84vnbq/+Nrx1eOH1pfZT7E/4jfER/L6MwncJ/S82fkPof7gj1+yWfCV+zna56Pb/hs/JZz+Y5n53u4xbMxWS+RNSnZOCUbkQ0SWZ2SjVKyhqxKZFVK1qRkdUrPaVmdklUp2TAlqzK/kf1dRmb+4F38T87uL+H1RTpmeW/Ptpb2WU/GZ9vIhGxbMouyMayxrNcEG8FqywZNsAZWWVY1wWqHbaoHBRtWY7NLiWS7SEN2afrsKq2yy+A1ajGal9AitCChGTSV0HRKVi2iLY+2gkzJ9mTtXvAr0l9vrkEf6ZftK1MdP8b3rG/wo4Qf4QfW1/gm4Rt8ZX2VktdOfZWSV44f4uv5fhG/Hr9E/2U0H79C/wv1GN2zunH0CD2wunZ0g66srhxdO3VcXTl6mP03+mroq9NPQH+8M2YH4K1BTwu92Hqe9YzjRdYLrKcdz1hPWU85nk7UdD2V8MLsYLwh9DiU3Lr8XQ99fXrcAL7Ri/E8vNh6xvEivAAvsp52PIOn8Iz1lONpW1OneMp6ynrhfG9jvFH85V03y7tudjPxs5tL1+xoaZcdQ79bwC5kYhgPxjiMSTARTJBgdIIxMAomchiVYHTKWklGpTDhfGYszDiY8exrArUmom3PfhbqMbpndePoEXpgde3oBl1ZXTm6duq4unL0MDsFfSq9TMPbhcyu6LvRT6MeW92zurF6ZPXA6trqxurK6srqOlHnH10l9DC7L/p+aPvT0wHkDkQ/iH4W6jG6Z3Xj6BF6YHXt6AZdWV05unbquLpy9DA7A/1w9CN4jo6kJ97FskfhzaKnRb0Yz7OeSXgRXmA9nfAMnrKeSnjaqZn0lOOF2RPxZsvE7En8PVnaZk/hnjuVz/nT6Pl06Z49g1pnop/F5//ZfAedg784G1vWawYbWTZoBmssq5rB6hb0oKqyF8POleHZS/iOvZQzugztcjJXcB68F2WvkjbZq8nyvpNV5DQ5UzMXk/OWIBeRC5YgZ8ipJcjpJexT1cz9l9wN1L4Rj/dAO/fsPLbzwM4jO1d2bhK8TsxV9k7md7Hm3ax1D+veyxr38RvpfpmVfQD+QbyH0B+mn0dgFudjh/eawUcOHzSDNw6vmsHrFvajavJPwz/DdXuW6/Yc1+15tBfwX+ScXiLzMtlXYF9l3dfIvo73Rs1cnMh5zcxFiVzQzJxJ5FQzc3oJ+1Q1c++Re597/QOpZD+UTtmPOMeP+e37CffjpzIs+xm/Nz6XbPYLqct+Sd2v4b+R6dlvyX/P+AeyP7LmT+R+5jP5Fzkn+yvcb/T7O98Nf7DWn6zzF2svyscJ3oM3NfgowQfwugZvEryCVzV4ndJPLV6l8KHL59qJ5NpL11wHiXIdxeQ6SZzrjN4FfWmZlusqbXPLSJvcv2CWlXa55WRKrptMzXWXSbke6MvLiNwKsnmup3TM9ZJWud7k+khDrq+Uc3VoGWpkqZGDLeAVpS5XL5lcmbGPVqFeg0zO9aPeSrJnbmW0VfH+jbYa2dXx+zMfIDrH7+XcmvS4NvN14AZSf5C0zg2m/lC0delvPcbrS6fcBvSyIT0Pk865EXgj6Wkj+I3paxS1NkXbDG1zehmNPgZ9C/St0LdG34b5tujbybDcWBmeG8c+J+BNRN+eNXeg9o7SIbcTa+7MeU1i3cnkppCZBrcLY34n5XaD34P5nnB7we3N/vn9kttP/Nz+ePwOyh0o/XMHscbB9HqI9MtNx/sP3mFwM8gcTvYI/CNlcG6mDMgdhTYL7Rj8Y+nhOMbH088JUsmdKENzs6kzB/4kejhZ+uZOYV+ncnanw58BfyY837+5s1nnHDLnMj4f7wLqXsj4Ita+GG4u40tgLoW5jPnlzK+Eu4r81cxD5oqxhjcwEWzMmtewh2u5dtfB8N2RuwHmRq7bTdS/mWtzC8ytMLfh3452B/3eBXe3dM/dIz1y9/L3Pvz7qfcA2QfhHsZ/hP0/KoNyj7G3x7kuT6I9BfM06z9DL88xf54+XuTvS/x9hb+vcl+/xj39Omu8wdrzqPUmf9/Ge4c+3iX7HtfpA+YfckYfwX5MrU/o91P0z9G/kN65L6VX7ivm3zD/lvP8Du57mB8Y/wj/E94veL/KwNxvMiT3O73+wfhP6ZgXkXwrqcu3lkrek4Z8Gyk7WowWoxlHi9AiNO1oBs2gKUfTaDqhKTSFFuY7oy3Fel1Yr3EcMzZ2HDHWdmwYKzvWzlgxDvPdGHenTg/qNI5jxsaOI8bajg1jZcfaGSvGYb4P477UqcPLcC5ZyVgtRvOsZqwWoQVW01YzaMpqymrayf6jKUcL83zW5H3WrXD+DWj9pEN+JdZeWbrnV5Fp1o/xI8c3CT/CN46vE77B146vEr7GVzV8hR86frjAH4C/hrTJr0mPa9HH2uxlHdYbyB4GwS/0I3yDH1vfJHyDr/EjfI2vE/4/9Y31VRVf2/rVfGX9cL6/Af6G7GmYtMsPl7n5EXJpfqRckt8IbRTeJvzdFG8zGZLfnPFoGZwfw3wLGZrfUgblt+IctqbetrDb4Y/FGyfZ/Hi8CdzzEzmP7WVYfgcZnt+RM9kJb2dqTJK++cnwU8lNg9mFXnaVVvndme/BfE/mezPeB2Zfau4n7fP7i58/AO9A6Zc/CP1g9Okw/2H9Q6VT/jD2N0M65/lMzh+JPpO/R8HNQjtauuSPgTkO/XjO6ATO4US82TBzpGv+ZPRTZKn8qbJ0/jTYM5ifCXeWHJI/mzXPgT1XpubPwz+fXi7gfr1Qpucvos+L2Vcj71k+TuEjhzeWDywfpfDG4bXlleVNCq8dXiX60Sm8qsGrFD50+DDPd03+KupezdmEMjKvZHRec45G2uYj8jEe3zX5a6lzHZnrOaPGjEcmrpGJnIyxmYBMVCNjnIy2GUXGpGRCMoqMTsn83Zuusk5IRjkZ5WRUjd5CJxPmbyVzm0zO3869fAf+nZzfXTImfzf+Qi/C8/DiFM/gBXhRiqfxFJ5J8ZStqVO80HpqgfcQ3sMyJf+ITMo/iv4Yucfp9Qn28iT+U1zPdCZ2GFOFiRxGV2GMw6gqjK7BhJZRDhPm+f2Rf4n5y3zWvCID8q/yOfUan028z+Tf4Jmexx7fhH2L/S3KeilsbFmTYIMUNrKsTrAqhTWWVc3oQbeAVZYN8x/CfsT3wsd8Nn7C8/2prJb/jPnn+F/wmfgl+lfkFuViy3mWM1W4yHKB5XQVzlhOWU5V4XRi3WqcSnDhAu5HuJ/4zvlZRuR/4Ux+5Tx+41r/zufdH7CNvuf4EX6c8APHN/hRwleOr/FNjfoKX9fwQ3z1j19oI1JoK6sV2snwQnsZUeggDYWOEhQ64XWWjPU9x4/xPeublHzk5LX1Q8c3+Mr6yvqtHV879dN85fhhYVn85Vi/m0wpdJephR70vzzrr4Dfk/4bfc/xY3zP+iYlHzl5bf3Q8Q2+sr6yfmvH1079NF85fljI4PNbt5CTDoW8tCoU4Ipw9YxL7KUslYIPW2EvjaxXhY0d1lg2qMJGDqstq6qwxmFVEz3oFrDKYcPCv2FXk8mF1cUvBNTpz94HwK6Bv9CL8Dy8OMUzeAFelOJpPIVnUjxla+oUL7SeWuANxhsCO5T+1kVbjz2tL10LG0jbwoZww/CGS7/CCPY8En4jrltjxiMT18hETsbYTEAmqpExTkbbjCJjUjIhGUVGp2T+7k1XWScko5yMcjKqRm+hkwkLo8mMkTaFLaRzYUtpX9iKZ25r5tvgbyvtCtuhj+W+WJSLLedZzlThIssFltNVOGM5ZTlVhdOJdatxKsGFC7gd4XaSvoWd+cyaxGfXZO71KdwzU+WQwjTYRt9z/Ag/TviB4xv8KOErx9f4pkZ9ha9r+CG+WuDvhb833j54+9L7flIu7E//B7CnAxfzI+vH+F6Kb6wf4Qcpvra+wVcpvrK+rlI/tL5a4B+GP4P78nCZVDgC/UiyM+mf97bCLPyjeS7TmdhhTBUmchhdhTEOo6owugYTWkY5TFiYDTOHe+4kmV44mf2cIocWTuVMT8M/nT01+q2tH1vfs75J5KNEXls/tL6xvrK+StTXifpJXyX8sHAe/vns5wKekQtlQOEiGVS4mGs4l/kl3GeXsqfLYC9nL4uyXgobW9Yk2CCFjSyrE6xKYY1lVTN60C1glWXDgoY1fMdEfN/xPle4hn1fK2MKvM85XoTn4cUpnsEL8KIUT+MpPJPiKVtTp3ih9dQC7xa8W2Fvo7/bZWThDhlduJPP+rv4rL8b7h68e/m+u4993w//ANetMeORiWtkIidjbCYgE9XIGCejbUaRMSmZkIwio1Myf/emq6wTklFORjkZVaO30MmEhcfJPCGdCk/yXfEU3wlP80w8w/fes8yfg3me77wX0F/k3khnY1jPsqYGuxpsBBtYVtdgQ1gDqyyrmuhBOz00xSqHDRewb8DOk+4F3g8LbzF/h/m7MrHwnowvvC9jCx+gfyiXFD6SuYWP2csn5D6D+RzmC5gvYb6C+RrmG5hvYb6D+QHmR+7Jn/B+pv4v1P4N7XfO9Q+uzZ98H/wlflGkodhKOhVbS4ci7xLFtjKx2E5WK7aXucUOMrbYUToWO8n44lJ4XUQVl5ZZxa78XYbcv/CWlUxxOele7AbTnWwj5zlcbDkDZxJc4HCR5TScTnDuusZyCk7VWFc3g9NwynIhXLiA6w3XR9oW+0rXYh37y0iPYlZaFfPoBZlcLDKul3bFkowpluF8mIq0KTaQXQlmZZlSXEXKxVU5p4Vzwzx25pp55MwVc5OYa2ceMlfFNZivSd21pF9xbakU1+E6DkIbzHgI+lD0dVl7Pa7p+ngb4g2j1+H0OYL9jJS+xY24xhuzj1HsdxMym7LOZvibs6/RsE1nYjJeCzMRmaCFGUNGtTCjl6A3tVhmWzLb8Xcs2jgy48lMIDORzPZkduDcdmStnfB3JjOpWZmYjNfCTEQmaGHGkFEtzOgl6E0tltmNzO783QNtTzJ7kdmbzD5k9pWTi/txbvxWLR6AfyCZg5qVicl4LcxEZIIWZgwZ1cKMXoLe1GKZGWQOp9YRPLNHckYz+Uw5SoYXj0Y/hr/HyuDicWjH83l1Itpsnvc5POsnkTmF+an8PY3PidNlUvEMaV08E/4sGVQ8m3/nkGlkvAQTw0QwxmGCBBPBGBjtMCrBGBgNo2qspWFUE4yCCWHC+czFMHPJXSLTi5fymX0ZzOXs6wr2dCX/roK5WoZZzktwMVwEZyznWS5IcBGcgdMJTiU4A6fhVIJLrqvhVDM4BRfChQu4a+CuJX8dZ3I9Z/JfuBvY743s9Sb+3QzXyHgJJoaJYIzDBAkmgjEw2mFUgjEwGkbVWEvDqCYYBRPChPOZu2DuJncP9/W9zO/jd0Oj5qHFVjNWC9Aiq2mrKTRjNeVkdYqmrBYWH0V7jGfrcZ7BJ3jWnuRZexrtGfp4lu9Ifo8Vn0d7gefqRT7PXsZ7Be9V9NfQX0efh/Ym2ltob6O9g/Ye2vtoH5D5EP0j9I/RP0X/DP1ztC/QvkT7Gu0btG/RvkP7Hu1HtJ/QfqaHX9B/pc7vaH+g8dus+Jd0rBcZX99apN6Thvo2zNsxbs+4g5Tr+V1W35n5Usy7yNT6pWVSfVe0ZaRV/bLoy6F3g+uO1gNteele3xO9F/qK6L3R+1C/Di2DlkXLoeVh+VFYX49WQiuj+WgV2H7oK6GvzHqrsN6qeP9GXx09QO+PPkB0/Rp4a0qH+rXw16bGQPxB+IMZD0Fbl/l6zNdnvgG1N5RM/TD04fQ4Em8jvI3xRuFtgrcp3mZ4m7PWGPwt8LfE3wp/a/xt8LfFH4s3Dm883gS8iXjb4+2AtxPezniT8CbjTcGbircL+q7ouzHeHX0P2D1ZZ2/0fdD3hd8Pb3+0A9EOkuH1B8uw+kNkRP10xoeiHSZd62dI+/rDyR8h7eqPZO9Hoc+S6fVHox3L+DhqHc/ZnECtE1l7tkypn8PfkySoP1kqlolhPMuYKkwEE1hGV2EMjLKMqsJoZ61qjHKYcDHmLBi+E+rPYW/nwpyHdz7ndwH7vpDxRXAXL+A8uNhyBs5U4QK4yHIaTlfhFJyxnIJTNdbVzeSU5UK4cDHuSrir2OvV1As5CwWr8Y30r4+452Pu/2tgr5XV66+TyZaP4T2HN03wEXzg8LoJ3sArh1dN8DrRT1O8SvBhVf4W+Fupfxvs7ZzTHfB3cj53cU/cTeYeMveSuY/M/WQeWJDxbCa2GUPGNJEJbCayGU1GN5FRNmNsRpFRzexNL0FG2UxIJqyaeZzME5zXk3zWPAX/NGf2DGf2rPj1z3HfPS9tLBM7jKnCRA6jqzDGYVQVRjeDUQ4TLsa8BvM6dd5gb/Pg3oR7i729Dcd3aP27sO/Bvr+A9WBjhzWwpgobwEYOq2F1FVbBGodVsKpGD7oFrHLYEDZcjP0M9nP+fsE5fMn3xFfSqf5rviO+kbb136J9x3rfk/+Bs/kR7SfYn/lO+UUm1P8qE+t/o/ffYfht4NSKU2rF1PJsLdNErdipFaXUiqgV2Fq6iVqRU8uk1DLUUraWaqKWcWrplFra2WOtWopa2qmlUmopp1bYRF+q1Eak1FbalNpJQ6m9tCt1kPaljtKh1EnaljqLLvFbrNRFOpaWlkypq3QvLYP+L/hlpWtpOZlQ6iYTS93FlHrALg+7sF6cUs+jXmzrGeqZJurFTr0opV5AvcjW09TTTdSLnHompZ6inrH1FPVUE/WMU09X2a9uZj1FPe3UU1XqKVsvpF7YRH+q1Jd6dYwz0rmUlU6lHLXy1CwwL3K96qlV4tqWubY+NSrUa2DdfmRXIrcyTGMNr0qN2NYw1DBVasS2RlClRmRraGroKjUiW0NVqWFsDUUNVaWGaWIvuokaihq6iRrK1gipEVbpQ5X6U2MAuTXIrUluLeqszVmvgz+Q/CCuyWCyQ8gOJbsumfXw1odJz8ZkPZs1VbJxlWxENrBZXSUbVckasspmVZWsqZLVTs9pWUVWV8kqJxtWWVeVNiK7Mdoo/E2owXtXaXO00TK9NEZalbZkvBXe1njbkNmW8+WdqzSO8xgPO5Hx9uR3oPaOrL8T7M48K5PRp8BO4+8u9LSr1JV2Y767jCjtIXuX9pRZJd63Svuw931lYGk/GVTan3543yrxvlU6WC4rHSKXl/7D/FDmh5GdIX1Lh8MciTZTJpeOor+jGR9Db8ey/nE858ez/olos6k7h7onUfdkMqfI+NKpUimdRh9n4J8Jdxa5s9nDuczPY3w++7iA3i9ifjHzucwvYZ3LmF8uPUtXcJ5XSp/SVdK7dLX0KoX81XiG3iLqXMP4WsbXMb6e3v4r5dKNaDfR/80ys3SLHFW6VY4u3Y52B/fvnax1F949zO9lrftY837yD9Dvg5z1w+iPcHaPoj+G/zjX9QlpXXqSvTwlY0tP81n2LMxz6Pz2Kr0A+yLeSzKp9DJ7fYUa/GYpvU72DfY7j+vzJuO3OKu3xS+9Q3/vytTSe+zxA7gPObOPyHzC+FP+fkYfn3N+X7CfL2VI6Wv0b6j7Ldf+e8Y/MP6R8U/s9Rfmv7L2b4x/R/+T+V9SKYsE5VbSquyJlNswb8u8HfMOzDvK+HInNL6nykuhLY3WFW0ZxssyXk6mlbsx7sF4ef6uANuL8YqMe0vXMp8z5TrJljPStpyV7uUcel7alQvMi/gl/LLUlX0ZXK7IwHKDdCyvhLYy2irkVmW+GvPVYQNpKPeXNuUB4pfXkNblNaV9eS3qrA0zEGYQ48GsMUS88lC4dVlnffQNZFx5Q/ocBjeC+UhZsbyR9CpvLL3Lo6RneRO4TWVqeTOY0fhj8LfA3xJ/K/yt8bfB3xaf56o8Dn08/gS8idTcnvGO6Duxt52ZT6KHKcyn0s80+t6F+W7Md6fvPdjDXoz3lkHlfdjjvtK3vD/zA8SUDxRdPkhU+WBqHCLdyjxX5UOpfZj0Kc9grcPRea7KM6VL+ShZujyL+THMj2Wvx7HO8ax/AtqJzGfL8uU5jE/GP4VrcirX7zTmpzM+E+0s/p7N0Z8jPcrn0t/5aBfI8PKFMqx8EX1cTD9z6eUS6VS+FP8yGVm+XKLyFRKXr8S7Gj6U6WXFmoZxxPqxLFW+hrO6lsx17P16rs8NeDdK//JNsnr5ZulcvpX5bTKifDveHax3J3XvRruHs7iX+X2sfT/n9CDaQ4wfpsdHOLPHmD/O3yfYw5P08zTzZ5g/y/w5mOdlcvkFarxI7ZdY52Wu1ysyqcyzVX4d7g2YebBvMec9p/wOPb7L/D05r/y+nFv+gHv6I7yPyX2C/in7+pw57wblL8l+hfY12rdo30mH8vfs8wf2zG/T8s9ov8D8St+/cWb8Li3zTlD+kzP+S9r4rUT81jLF92Sq30Ym+e2Ytxff7yBlv6NU/E6i/c7S0e+Czm9An9+U/jIS+/wm8pdF74beXUb6PWCXl+H+CtLB7yl7+r2kld8br4/08vvKin6dLO9npKefJZNHL0gnv8h69dLZL8lkv0zOp2aFOjxnPs+Zv7K091eRrv6q1Po33mroq0tbn+8rfwD5NciuKUv5azFfh38DpYc/iMxg+hxCn0Ph14XnOfM3YI0NZbw/TCb6w6k3Em0jvI3F80dRm+fM3xSd7y5/NL2MYb4F+pZS52+Ntg3etvDbSYM/Fm082gS0iWjbU2MH9J3QdkabhDaZ+VTm05jvwnxX5rtRdw+0Pfm7F/vah/G+jPdjfADjA0X5B8lo/2DZ3D9EuvjTZWn/UPTD2OcM9ns4Z3ME+52JdhTcLJnmHw17LPPjuIbHywj/BJnunygZfzaZORL4PGP+KfRwKudyGns6nbXOwDuTemfR19l453C9z5V+Ps+ZfwFnd6FE/kWsczHMXO6LS7hOl3KNL5Nh/uXUvkL6+jxnPs+ZH3KfKOpoahtqR9TmWfOvYV/Xck7X0fP11OFZ82+Euwn/Zua3cGa3Mr+Nvm4ndyf+Xeh3M74H7V64+9Ee4Bo8yH3zEOzD3EePSG//Ue6px6SP/zi9P8G6T8E9TY/PcI2fpa/n6P957tEX0V+i55e5L1/hbF5lD6+jvUF+HnXepO5b1HkH7V32/R7n8D49fMBZfMi+PpJuPt9l/qes8Rk9fc4aXzDmndD/iv19zfwb1vwO5nv6+4F+fkT/CeZnruUv1PwN73eu/R/U/kukItKuwvdZpbV0rXjSvtIWrZ3sWWmP1kGmVjpKx0pntKWkbaWLjKgsLdMqXWV4ZRkxFb7TKsuhd5M2le7SurI88xWo15NxL+rxvFX68LcvWh1alnmOcR6tQKaeeUlivlT9ii/lSoU1+6GthLeyTK6sIhMrq8r4Ct9pldXJBeT6s/4A+lpDMpU1pa6yluQqa0uHCt9plUHSUBks/SpDpFIZSs114daj5vr83YDcMJjhrDMCZiT72ki6VEahbSJbVjaVMZXNqMN3WmUM62/Belsy3wpuGzR+J1a2YzyWdcexbqMWW804WmQ17WjGasrRdIqmrBbO13h+KzvzdxJrT0afwtpTpbujx1Y36MbRI6trdO3oxuoKXTm6rqIrq4foYWVP9L04m73pZx/0femnUfPQYqsZqwVokdW01RSasZpysjpFU1YLK4egTWfd/7DuoWiHse4MzqFR99Bjqxt0Y/UAPbK6RtdWV+jG6gpdOXV0FV1ZPUQPK/xGrxwjwyrH8hwcJ30rx3NWJ9DTiTwfs7m/5nD/nUSvp8Cdyn18mkyqnC5TKmdIz8qZ0qdyFvfkOXjncl+ex315PvkLqHOhZCsXo8+VTpVLuPculc6Vy+jpcmpdQf0rqXEVfSzOeDAxjKnBBDARjK7BKBgDo5pYSzeDUTDhAiaGuUZmVq6V0ZXryF/Pnv4rsyo3sK8b5ejKTYxvhruFZ3FR1oONLWuaYAPYyLK6CVbBGsuqZvSgW8Aqy4aLsfx+q9zD59i9fNbex2fM/dwLD/AZ+hD6w9zTj0iPyqOyfOUx7vfHOcsnOKcnYfgNV+E3XIXfcJXnOLPnYRu12GoGzVgtsppG01YzVlNoymo6RVNWC9HCCr8JK69zbd/g2s6jnzfJvEUfb9PDO1xbfhemMB5MDGNqMAFMBKNrMArGwKgm1tLNYBRMuIDhe7TyKf5n7OVz5l+wny8504V6bHWDbhw9srpG145urK7QlaPrKrqyeogeVn5A/5FefqKPn9Eb5zFz48wj5tqZG+bKmevEXDEP58/5rm8Q6dTQSjo0tJbODZ40NLQR3dBWMg3tZEpD+1QmhvFgTA0mgglgdA3GwCgYVYPRdq1ajLJM+A/TwDt2Q1f2sgzjf7GXZWEbtdhqxtEiq2lHM1ZTjqZTNGW1cL7WE62XzGxYUUY39IbvQw99ZVZDHT1k5OiGLOMcfF62TLAebGxZ0wQbwEaW1f/rvDzDrCiyMHyYJgfBMKBIUlcX6Kq+hjasSjAiYACzAmYUc1YYwSwIklREQQyI6VZVNwrmnHOOa8Q1POY157D7OpRjc73T9zI/5qnq837fqVPndvd0VdAatM5rTRU12OXQGq8t/k3LB2QYolVoNdMIVqAH66JbD836f9OkXuNyNInX2ByN8xqTo7FVaIzXFJfRcIYLN8W/mdSFmyPvR7w/+xogLT0LPEs9cxkWe5Z4ZjPMeOY8M2Vy2hxmPCvWM75pw0E8C9tR42B8Q2BDqXP7ZVgKCzxzJSyBxZ7ZEuZgxjNTwmwmZykzGVasZ7vAdsWzG3vYnVr3gO1JnXs1sMCz1DOXYbFniWc2w4xnzjNTJqfNYcazYj3bD7Y/9S0dUz8mfnR+tH404RjGQ9EfJr39PGXu/Dxhbv3cMf9TbzNzw7wYcvYO+Z4Oj+f6BOkRnkjsZGJjpVk4jrrqeP9x9g4ncH0q16dJ//B02Tw8Q/qGZ1L/2bBzZJ9wovQMJ8mI8FzpF06GTZFW4XlSE06VFuE06RhORzuDHDOlfXg+OS/ENwt2ETlno78YzSVSG85BM5ccl7LGPNa6DM3lsCvwXwmbj59vvfBq/NfAriV2HbHr6WuRPIY1LT3hDB5yBg9T3pkLqeUGdJzBw0XEFpP/JhkZ3kKOW8lxG57b0d/BGnfC75Lm4T2we+kX30zh/fTmAXQPwh8iz8Pke4S6H2Xdx+j14/T+CdZ/Eu1TeJ8mxzOs+ywazuLh83JQ+IIcHb4oR4WcxcNXYK+S5zXmr7PGG/xGbzHnHB4uocZ3pGvI90L4HrH3+Y0/YF3O4eGHaPk/Hn4iY8JP5ZDwMzSfk+cLYl/KCuFX0iH8mpq+5fo7avheOoc/Mv+JGn6m5l+o51dq/I298D+OI28z1UzaKv7HqUA6KM7gqqX0Uq2kp2otfVVbrtuJVe0lUR3EqY5cdxKj+D+mVpKWamVppWqJdZY+qovUqlW57sr16jJNdZOpqrvMVD1khuoJ7yVKrQlbi9xrM64jG6rejH1kO8U/W6XIGTEWqGU9xvVltIoZN0S/MeMm6Ddl3Ax9P8b+UqcGMm6BbyvGralxG+bbUucgSdV20kJx1lZDpLkaCtsBzY7SWe0kXdQw2HBprXaG70p8N+a7U/se7GlP9Hvh3xvPCPKNJD4Kvg9sX/q1P/oDqOlArg+iV6PhhxAbI4PVoTJEHUZ9h9OLI2SQOhL/UfTxGPix5DsOz/HkOIG+nETsZLxjpaMaRz11sFNkIzVeNlATJFanwU+XHuoM4meiOwvd2bKtmkh8EnufzDiFHp1HvmnMpzPn+VLnM78A3YUyUs0iz0X0YzY9vZi6LpGBag77m0u+eeguY365rKiuYH9Xss58erOA+NX8HNfwm11L/dfxe1/P2kVqNPTLwROuU9ZaSN4byLGI2GLppG4ifjN5bkF7G7HbWecO4ncSv4v43cQ5h6j76MX99OUB6a0elFA9xHqcQ9SjrPkY14/TuydY+0nWfor6n4E9K2uo5+j387KmeoH+v0TsZSmqV9C8Sp/+jf41+Ovo3oC/yd7fosYl6N5h7f+w9rto3iP2PvV8QN0fwj5ivaVj6sfEj86P1o9G8ZypL9F/Rd1fc/2NrKa+la7qO+nmWQpzjbAEZhthDmZgQRlmc5iBFWFtlmG/wn6jl79T5//EapFa3UxW0DXSXAfSRvOc65YyQ7dmbCMH67ZyiG7PvIP01StIb92J+YrSTq8kg/TKsq1eRUJdK211F+KrSjO9Gp6uxFYndzfydZdeJSyFBZ65EpbAYs9sCXMw45kpYTaTs5SZDCvqf8DWhq2D559Sp3tTax9YX+r8iwWepZ65DIs9SzyzGWY8c56ZMjltDjOeFTXvOb0+bAP0MWxD6twItjF1/sUCz1LPXIbFniWe2QwznjnPTJmcNocZz4q6P2wA98ZA6ttCeugtuUe2Jsb7VvO+1YNYn28vPZjYEOmuh0o3zftW7yg99U7SVQ+T1fRwfDtz/+1Czt1gu5NvD/LtKX30XuTbWzbQI2QjPQq2j5yj95VWej85S+8vu+gDZLg+UHbWo2EHS0t9CPseI/30odzXh0lHfbi01kfCjmJ+NL5j0BxL7Dj2w3eNPoE6T6ROvmv0WOLjqKVOuuhTpL2eQOxUYqcRO53YmVyfRT1nk/sc6ptIfZNkuj5XZurJMkJPkZF6Kppp1D9d5usZskDPlCv1BcQuZL1ZcL5p9Gz2egmxOTxHc6WDvpS15uG5TJS+HHaFtNDz4VexxgJ6cjXea1jzOmLXEyuSh/et5n2rE65TOUYv5PpGrhehXUzem+jvzbBb6O+t7P021r0d351o7iL/3axzD3u5lx7cRw945+oHWP9B9vQwmkfwPioX68fI+zg5n2D9p4g/TfwZYs8Se47Y87KKfpH4S7wPXuY98AqxV3kv8P2iX6dvb3C/vskab5H/bXIv4V59B/Yuf+9Rz/syWn8gozTfMPpD/nin6o9Z4xPWKK9J0ARo0hyNQxOjSXI0Fo1B43I0xq9lczRFrzH1mq/QfI3+G56Tb2Ws/k7G6+/R/cDfj+zrpwZNUEaToEkzmriMxqFJMhpTRmPRuAprGTS2gqaIxvyh4fNLomYyPKqRg6NAhkXNpXfUgr+WEkatxEatG9UkaFI0QY7GoUnQxDkai8ahMTkag8ZWWKuIxjRo+G6NOklttKKMjlaSttHKaFYhRy376twoD+BpDo/hSQ43cFchv63ATT3vDu+Btiesl7SP1oCvSe1rNbCghKUZFpewJMNMCXM5OW0OM/WsLyyUnpHit9DSI4pgBepcF+96jfIUHuTwBB7ncAc3OdxWyG8a+Cbwf0nzaFOpiTaTdtHm7LGfdIz6S6dogLSIBkrLaEs0W8mK0dYyPdpGukfbyurRIJkRcd6IBsOHwrfnftyBNXbkftyJNYbRg+HUwXmjEZ7CgxyewOMc7uAmh9sK+U0D3wu+N3wEfCR8lBwU7YNmX3Lsxz4a5wE8zeExPMnhBu4q5LcVuIk4i0VjeJYO5Vk6jN/vcPgRcM5i0VHU3zgP4GkOj+FJDjdwVyG/rcBNdCL8JPjJ8LHwcbA67rVTuL/Gc39NYA+nkqeyLkUXVKFL0MVV6By6auqzVa5r6nXnoJuIbhK6c9FM5vmbwrN3Hp6pPGfTePam45nBczgT3/nkv4AeLL8vwJc2wRfjS5rgM/hcE+u0TfSZaA6+uVIXXSojo3n4OONHl+O7At+V+ObjuwrfAnxX47uGta6ln8vvC/ClTfDF+JIm+Aw+18Q6bRN9JkrwpegW4rmBd86N6BfRr8XkvEmaRTfzG91CrvK6FF1QhS5BF1ehc+hMFTpb5brmb7q70d3D/F7uu/vQ3I/+AfI9yJ4f4v9DeR7A0xwew5McbuCuQn5bgZt6/iT8KbRPE3+G3/tZGRs9J+Oj56n/hQYelOFphsdleJLhpgx3FfLbCtzUc85U0evE3+A+fRP2loyI3ka7BP877KFxHsDTHB7Dkxxu4K5CfluBm+hD+Efwj+GfwD+FfcZ7/3Oerf/yXH3BHr4kT2Vdii6oQpegi6vQOXTV1GerXNfU635A9yO6n+A/81z9gvZX9vgbeX7nufqf1BaE56q8LkUXVKFL0MVV6Bw6U4XOVrmuKdUVWokUWktYaCO20FZaFtoRby8HFzpIM89SWNAIS2BxI8zBTCPM5uQ0ZdkqsFoZVegsCwpd0KxKzasxdpV2hdWlV6GbtClwlin0kJ6FnrBexNYgxjmnxBvgTfEGeB1eV+JN8TrvDUq8Md4Eb4zX4rUl3gSv9d64TM3O12zwmhKvw2u815Sp2fqay3ltxlta8x9e471FvMUSr8FbbPD2Id6XfKH0LigZXdD0P+J3KEjnwrrStrCe9CmsLy0KG9DjGM9SfU2OPvH6NKOPc/TO65OM3lShd1XWY7zeLqfe1Os3Q7852n5o+6MdgHYgubaAb0lvtqIvW6PfplFtDdoatAnatII2RhujdWiTClrja/hD66qswaC1y6E1Ddrt0e6Ad0diO6EbRr+G06+dpa6wi4wv7CpjC7uh3Z2e7EFP9mzw1OCpqeBJ8KQZT4wnruBxeJKMx1RR2x8et5y1GTy2CR5T79kXD+fewv705AA8BxI7iJ6P5n21lAWwNMMczHkWw5IMszDrmYG5DDMwk8lpc5jJsDawYuEIGGfsAmfswtGwY4gfS43HMV/KAliaYQ7mPIthSYZZmPXMwFyGGZjJ5LQ5zGRYEVYsjIPV4TmF+2w8tU7gf9qp8NMYl7IAlsDSMiyGOVhShhmYhbkyrAZmYLYRVoSZZdhE2CT051LnZOqcQvw84lMbWABLYGkZFsMcLCnDDMzCXBlWAzMw2wgrwswy7ELYLOq7CM9sfu+LYUtjKbGAmMvEEmIxMZuJOWKGWDETs95rMjFDrOZPncj/Aah0y0UNCmVuZHN0cmVhbQ0KZW5kb2JqDQozMSAwIG9iag0KWyAwWyA2NDZdICAxWyAwXSAgMjQ4OFsgMTM3MyAxMzczIDEzNzMgMTM3M10gXSANCmVuZG9iag0KMzIgMCBvYmoNCjw8L1R5cGUvTWV0YWRhdGEvU3VidHlwZS9YTUwvTGVuZ3RoIDMwNjE+Pg0Kc3RyZWFtDQo8P3hwYWNrZXQgYmVnaW49Iu+7vyIgaWQ9Ilc1TTBNcENlaGlIenJlU3pOVGN6a2M5ZCI/Pjx4OnhtcG1ldGEgeG1sbnM6eD0iYWRvYmU6bnM6bWV0YS8iIHg6eG1wdGs9IjMuMS03MDEiPgo8cmRmOlJERiB4bWxuczpyZGY9Imh0dHA6Ly93d3cudzMub3JnLzE5OTkvMDIvMjItcmRmLXN5bnRheC1ucyMiPgo8cmRmOkRlc2NyaXB0aW9uIHJkZjphYm91dD0iIiAgeG1sbnM6cGRmPSJodHRwOi8vbnMuYWRvYmUuY29tL3BkZi8xLjMvIj4KPHBkZjpQcm9kdWNlcj5NaWNyb3NvZnTCriBXb3JkIDIwMTk8L3BkZjpQcm9kdWNlcj48L3JkZjpEZXNjcmlwdGlvbj4KPHJkZjpEZXNjcmlwdGlvbiByZGY6YWJvdXQ9IiIgIHhtbG5zOmRjPSJodHRwOi8vcHVybC5vcmcvZGMvZWxlbWVudHMvMS4xLyI+CjxkYzpjcmVhdG9yPjxyZGY6U2VxPjxyZGY6bGk+SGFsbGVsIFdlaWw8L3JkZjpsaT48L3JkZjpTZXE+PC9kYzpjcmVhdG9yPjwvcmRmOkRlc2NyaXB0aW9uPgo8cmRmOkRlc2NyaXB0aW9uIHJkZjphYm91dD0iIiAgeG1sbnM6eG1wPSJodHRwOi8vbnMuYWRvYmUuY29tL3hhcC8xLjAvIj4KPHhtcDpDcmVhdG9yVG9vbD5NaWNyb3NvZnTCriBXb3JkIDIwMTk8L3htcDpDcmVhdG9yVG9vbD48eG1wOkNyZWF0ZURhdGU+MjAyMi0wNS0zMFQxOToyMTozOCswMzowMDwveG1wOkNyZWF0ZURhdGU+PHhtcDpNb2RpZnlEYXRlPjIwMjItMDUtMzBUMTk6MjE6MzgrMDM6MDA8L3htcDpNb2RpZnlEYXRlPjwvcmRmOkRlc2NyaXB0aW9uPgo8cmRmOkRlc2NyaXB0aW9uIHJkZjphYm91dD0iIiAgeG1sbnM6eG1wTU09Imh0dHA6Ly9ucy5hZG9iZS5jb20veGFwLzEuMC9tbS8iPgo8eG1wTU06RG9jdW1lbnRJRD51dWlkOkQxQjI1OUZELTExQjgtNDc1MS05NEMyLUExNTU0QUI3QjMxMzwveG1wTU06RG9jdW1lbnRJRD48eG1wTU06SW5zdGFuY2VJRD51dWlkOkQxQjI1OUZELTExQjgtNDc1MS05NEMyLUExNTU0QUI3QjMxMzwveG1wTU06SW5zdGFuY2VJRD48L3JkZjpEZXNjcmlwdGlvbj4KICAgICAgICAgICAgICAgICAgICAgICAgICAgICAgICAgICAgICAgICAgICAgICAgICAgICAgICAgICAgICAgICAgICAgICAgICAgICAgICAgICAgICAgICAgICAgICAgICAgIAogICAgICAgICAgICAgICAgICAgICAgICAgICAgICAgICAgICAgICAgICAgICAgICAgICAgICAgICAgICAgICAgICAgICAgICAgICAgICAgICAgICAgICAgICAgICAgICAgICAgCiAgICAgICAgICAgICAgICAgICAgICAgICAgICAgICAgICAgICAgICAgICAgICAgICAgICAgICAgICAgICAgICAgICAgICAgICAgICAgICAgICAgICAgICAgICAgICAgICAgICAKICAgICAgICAgICAgICAgICAgICAgICAgICAgICAgICAgICAgICAgICAgICAgICAgICAgICAgICAgICAgICAgICAgICAgICAgICAgICAgICAgICAgICAgICAgICAgICAgICAgIAogICAgICAgICAgICAgICAgICAgICAgICAgICAgICAgICAgICAgICAgICAgICAgICAgICAgICAgICAgICAgICAgICAgICAgICAgICAgICAgICAgICAgICAgICAgICAgICAgICAgCiAgICAgICAgICAgICAgICAgICAgICAgICAgICAgICAgICAgICAgICAgICAgICAgICAgICAgICAgICAgICAgICAgICAgICAgICAgICAgICAgICAgICAgICAgICAgICAgICAgICAKICAgICAgICAgICAgICAgICAgICAgICAgICAgICAgICAgICAgICAgICAgICAgICAgICAgICAgICAgICAgICAgICAgICAgICAgICAgICAgICAgICAgICAgICAgICAgICAgICAgIAogICAgICAgICAgICAgICAgICAgICAgICAgICAgICAgICAgICAgICAgICAgICAgICAgICAgICAgICAgICAgICAgICAgICAgICAgICAgICAgICAgICAgICAgICAgICAgICAgICAgCiAgICAgICAgICAgICAgICAgICAgICAgICAgICAgICAgICAgICAgICAgICAgICAgICAgICAgICAgICAgICAgICAgICAgICAgICAgICAgICAgICAgICAgICAgICAgICAgICAgICAKICAgICAgICAgICAgICAgICAgICAgICAgICAgICAgICAgICAgICAgICAgICAgICAgICAgICAgICAgICAgICAgICAgICAgICAgICAgICAgICAgICAgICAgICAgICAgICAgICAgIAogICAgICAgICAgICAgICAgICAgICAgICAgICAgICAgICAgICAgICAgICAgICAgICAgICAgICAgICAgICAgICAgICAgICAgICAgICAgICAgICAgICAgICAgICAgICAgICAgICAgCiAgICAgICAgICAgICAgICAgICAgICAgICAgICAgICAgICAgICAgICAgICAgICAgICAgICAgICAgICAgICAgICAgICAgICAgICAgICAgICAgICAgICAgICAgICAgICAgICAgICAKICAgICAgICAgICAgICAgICAgICAgICAgICAgICAgICAgICAgICAgICAgICAgICAgICAgICAgICAgICAgICAgICAgICAgICAgICAgICAgICAgICAgICAgICAgICAgICAgICAgIAogICAgICAgICAgICAgICAgICAgICAgICAgICAgICAgICAgICAgICAgICAgICAgICAgICAgICAgICAgICAgICAgICAgICAgICAgICAgICAgICAgICAgICAgICAgICAgICAgICAgCiAgICAgICAgICAgICAgICAgICAgICAgICAgICAgICAgICAgICAgICAgICAgICAgICAgICAgICAgICAgICAgICAgICAgICAgICAgICAgICAgICAgICAgICAgICAgICAgICAgICAKICAgICAgICAgICAgICAgICAgICAgICAgICAgICAgICAgICAgICAgICAgICAgICAgICAgICAgICAgICAgICAgICAgICAgICAgICAgICAgICAgICAgICAgICAgICAgICAgICAgIAogICAgICAgICAgICAgICAgICAgICAgICAgICAgICAgICAgICAgICAgICAgICAgICAgICAgICAgICAgICAgICAgICAgICAgICAgICAgICAgICAgICAgICAgICAgICAgICAgICAgCiAgICAgICAgICAgICAgICAgICAgICAgICAgICAgICAgICAgICAgICAgICAgICAgICAgICAgICAgICAgICAgICAgICAgICAgICAgICAgICAgICAgICAgICAgICAgICAgICAgICAKICAgICAgICAgICAgICAgICAgICAgICAgICAgICAgICAgICAgICAgICAgICAgICAgICAgICAgICAgICAgICAgICAgICAgICAgICAgICAgICAgICAgICAgICAgICAgICAgICAgIAogICAgICAgICAgICAgICAgICAgICAgICAgICAgICAgICAgICAgICAgICAgICAgICAgICAgICAgICAgICAgICAgICAgICAgICAgICAgICAgICAgICAgICAgICAgICAgICAgICAgCjwvcmRmOlJERj48L3g6eG1wbWV0YT48P3hwYWNrZXQgZW5kPSJ3Ij8+DQplbmRzdHJlYW0NCmVuZG9iag0KMzMgMCBvYmoNCjw8L0Rpc3BsYXlEb2NUaXRsZSB0cnVlPj4NCmVuZG9iag0KMzQgMCBvYmoNCjw8L1R5cGUvWFJlZi9TaXplIDM0L1dbIDEgNCAyXSAvUm9vdCAxIDAgUi9JbmZvIDE0IDAgUi9JRFs8RkQ1OUIyRDFCODExNTE0Nzk0QzJBMTU1NEFCN0IzMTM+PEZENTlCMkQxQjgxMTUxNDc5NEMyQTE1NTRBQjdCMzEzPl0gL0ZpbHRlci9GbGF0ZURlY29kZS9MZW5ndGggMTI5Pj4NCnN0cmVhbQ0KeJxjYACC//8ZgaQgAwOIWgah7oEpxq9gink2mGJxBlOsRhAqHULNAVNsKhDKCUI9B1PshmCKQ4OBgQlophgDG4Rih1AcEIoTQrFCKKhKLqA+Tk4YjxFCMUEoZgjFAlTCdQhsA/diMFUeAKYqpoAoRvNLYMpCFEy5xDIwAACSHA8oDQplbmRzdHJlYW0NCmVuZG9iag0KeHJlZg0KMCAzNQ0KMDAwMDAwMDAxNSA2NTUzNSBmDQowMDAwMDAwMDE3IDAwMDAwIG4NCjAwMDAwMDAxNjYgMDAwMDAgbg0KMDAwMDAwMDIyMiAwMDAwMCBuDQowMDAwMDAwNTAxIDAwMDAwIG4NCjAwMDAwMDA5MjMgMDAwMDAgbg0KMDAwMDAwMTA5MSAwMDAwMCBuDQowMDAwMDAxMzMwIDAwMDAwIG4NCjAwMDAwMDEzODMgMDAwMDAgbg0KMDAwMDAwMTQzNiAwMDAwMCBuDQowMDAwMDAxNTcyIDAwMDAwIG4NCjAwMDAwMDE2MDIgMDAwMDAgbg0KMDAwMDAwMTc2NyAwMDAwMCBuDQowMDAwMDAxODQxIDAwMDAwIG4NCjAwMDAwMDIwODggMDAwMDAgbg0KMDAwMDAwMDAxNiA2NTUzNSBmDQowMDAwMDAwMDE3IDY1NTM1IGYNCjAwMDAwMDAwMTggNjU1MzUgZg0KMDAwMDAwMDAxOSA2NTUzNSBmDQowMDAwMDAwMDIwIDY1NTM1IGYNCjAwMDAwMDAwMjEgNjU1MzUgZg0KMDAwMDAwMDAyMiA2NTUzNSBmDQowMDAwMDAwMDIzIDY1NTM1IGYNCjAwMDAwMDAwMjQgNjU1MzUgZg0KMDAwMDAwMDAyNSA2NTUzNSBmDQowMDAwMDAwMDI2IDY1NTM1IGYNCjAwMDAwMDAwMDAgNjU1MzUgZg0KMDAwMDAwMjc1NCAwMDAwMCBuDQowMDAwMDAyOTc5IDAwMDAwIG4NCjAwMDAwMzA1NDQgMDAwMDAgbg0KMDAwMDAzMDg2OCAwMDAwMCBuDQowMDAwMDc5ODI2IDAwMDAwIG4NCjAwMDAwNzk4OTMgMDAwMDAgbg0KMDAwMDA4MzAzNyAwMDAwMCBuDQowMDAwMDgzMDgyIDAwMDAwIG4NCnRyYWlsZXINCjw8L1NpemUgMzUvUm9vdCAxIDAgUi9JbmZvIDE0IDAgUi9JRFs8RkQ1OUIyRDFCODExNTE0Nzk0QzJBMTU1NEFCN0IzMTM+PEZENTlCMkQxQjgxMTUxNDc5NEMyQTE1NTRBQjdCMzEzPl0gPj4NCnN0YXJ0eHJlZg0KODM0MTINCiUlRU9GDQp4cmVmDQowIDANCnRyYWlsZXINCjw8L1NpemUgMzUvUm9vdCAxIDAgUi9JbmZvIDE0IDAgUi9JRFs8RkQ1OUIyRDFCODExNTE0Nzk0QzJBMTU1NEFCN0IzMTM+PEZENTlCMkQxQjgxMTUxNDc5NEMyQTE1NTRBQjdCMzEzPl0gL1ByZXYgODM0MTIvWFJlZlN0bSA4MzA4Mj4+DQpzdGFydHhyZWYNCjg0MjY5DQolJUVPRnBw'),(2,'How satisfied were you with your shopping experience in our store?','How was your experience when you visited our store?','How likely are you to recommend our store to your friends and family?','How easy was it for you to find the products you wanted on our shop app?','How satisfied were you with the product information provided from our shop app?','How satisfied were you with your delivery?',33,34,35,35,37,37,6,NULL);
/*!40000 ALTER TABLE `survey` ENABLE KEYS */;
UNLOCK TABLES;

--
-- Table structure for table `users`
--

DROP TABLE IF EXISTS `users`;
/*!40101 SET @saved_cs_client     = @@character_set_client */;
/*!50503 SET character_set_client = utf8mb4 */;
CREATE TABLE `users` (
  `username` varchar(45) NOT NULL,
  `password` varchar(45) DEFAULT NULL,
  `userType` varchar(45) DEFAULT NULL,
  `connected` tinyint DEFAULT NULL,
  `firstName` varchar(45) DEFAULT NULL,
  `lastName` varchar(45) DEFAULT NULL,
  `email` varchar(45) DEFAULT NULL,
  `phoneNumber` varchar(45) DEFAULT NULL,
  `personID` varchar(45) DEFAULT NULL,
  `status` varchar(45) DEFAULT NULL,
  `branch` varchar(45) DEFAULT NULL,
  PRIMARY KEY (`username`),
  UNIQUE KEY `UserName_UNIQUE` (`username`)
) ENGINE=InnoDB DEFAULT CHARSET=utf8mb4 COLLATE=utf8mb4_0900_ai_ci;
/*!40101 SET character_set_client = @saved_cs_client */;

--
-- Dumping data for table `users`
--

LOCK TABLES `users` WRITE;
/*!40000 ALTER TABLE `users` DISABLE KEYS */;
INSERT INTO `users` VALUES ('Avicohen','123456','AuthorizedCustomer',0,'Avi','Cohen','AviCohen@gmail.com','0500000000','1325960','Active',NULL),('Or','Balmas','AuthorizedCustomer',0,'Or','Balmas','Balmas@qw','054','1','Active',NULL),('Ronen','Zeyan','CEO',0,'Ronen','Zeyan','Ronen@gmail.com','123456','123456','Active','all'),('User1','123456','AuthorizedCustomer',0,'Authorized ','Customer ','mail@gmail.com','123456','12345678','Active',' '),('User2','123456','BranchManager',0,'Branch ','Manager','mail@gmail.com','123456','123456','Active','mainBranch'),('User3','123456','BranchEmployee',0,'Branch ','Emloyee','mail@gmail.com','123456','123456','Active','test'),('User4','123456','CustomerServiceEmloyee',0,'CustomerService ','Emloyee','mail@gmail.com','123456','123456','Active',' '),('User5','123456','MarketingEmployee',0,'Marketing ','Emloyee','mail@gmail.com','123456','123456','Active',' '),('User6','123456','Courier',0,'Courier','Courier','mail@gmail.com','123456','123456','Active',' '),('User7','123456','CEO',0,'CEO','CEO','mail@gmail.com','123456','123456','Active',' '),('user8','123456','AuthorizedCustomer',0,'Moshe','Cohen','mail@gmail.com','123456','12345678','Active',NULL);
/*!40000 ALTER TABLE `users` ENABLE KEYS */;
UNLOCK TABLES;
/*!40103 SET TIME_ZONE=@OLD_TIME_ZONE */;

/*!40101 SET SQL_MODE=@OLD_SQL_MODE */;
/*!40014 SET FOREIGN_KEY_CHECKS=@OLD_FOREIGN_KEY_CHECKS */;
/*!40014 SET UNIQUE_CHECKS=@OLD_UNIQUE_CHECKS */;
/*!40101 SET CHARACTER_SET_CLIENT=@OLD_CHARACTER_SET_CLIENT */;
/*!40101 SET CHARACTER_SET_RESULTS=@OLD_CHARACTER_SET_RESULTS */;
/*!40101 SET COLLATION_CONNECTION=@OLD_COLLATION_CONNECTION */;
/*!40111 SET SQL_NOTES=@OLD_SQL_NOTES */;

-- Dump completed on 2022-06-01 10:58:18
